name_jw,name_tfidf,prefix_jw,first_jw,last_jw,phone_first,phone_last,same_domain,firstname_equal,lastname_equal,initials_equal,prefix_has_fl,prefix_has_fl_rev,len_sim_name,len_sim_prefix,label
0.8844444444444444,0.33556646535978624,0.4821428571428572,1.0,0.4814814814814814,1.0,0.0,0.0,1.0,0.0,0.0,0.0,0.0,0.6,0.5,FP
0.9277777777777778,0.4029323930498434,0.4722222222222221,1.0,0.5,1.0,0.0,0.0,1.0,0.0,0.0,0.0,0.0,0.75,0.25,FP
0.5644078144078144,0.07911031482395808,0.8833333333333334,0.5777777777777778,0.38888888888888884,0.0,0.0,0.0,0.0,0.0,0.0,0.0,0.0,0.9230769230769231,0.5,FP
0.5444444444444444,0.06372449788584357,0.8833333333333334,0.6722222222222222,0.4365079365079365,0.5,0.0,0.0,0.0,0.0,0.0,0.0,0.0,1.0,0.5,FP
0.4722222222222221,0.030444409206091406,1.0,0.0,0.0,0.0,0.0,0.0,0.0,0.0,0.0,0.0,0.0,0.25,1.0,FP
0.6746031746031745,0.04818505752489925,1.0,0.6761904761904761,0.4722222222222221,0.0,0.0,0.0,0.0,0.0,0.0,0.0,0.0,1.0,1.0,FP
0.6746031746031745,0.04818505752489925,0.8833333333333334,0.6761904761904761,0.4722222222222221,0.0,0.0,0.0,0.0,0.0,0.0,0.0,0.0,1.0,0.5,FP
0.5222222222222223,0.0,1.0,0.5407407407407407,0.4555555555555555,0.0,0.0,0.0,0.0,0.0,0.0,0.0,0.0,0.8,1.0,FP
0.5570707070707072,0.047802544866055424,0.8833333333333334,0.6,0.4555555555555555,0.0,0.0,0.0,0.0,0.0,0.0,0.0,0.0,0.9166666666666666,0.5,FP
0.4111111111111112,0.0,0.8833333333333334,0.3666666666666667,0.0,0.0,0.0,0.0,0.0,0.0,0.0,0.0,0.0,0.8333333333333334,0.5,FP
0.5166666666666667,0.017246555587967262,0.8833333333333334,0.6,0.0,0.0,0.0,0.0,0.0,0.0,0.0,0.0,0.0,0.8333333333333334,0.5,FP
0.5722222222222223,0.017246555587967262,0.8833333333333334,0.6,0.4722222222222221,0.0,0.0,0.0,0.0,0.0,0.0,0.0,0.0,0.8333333333333334,0.5,FP
0.4027777777777777,0.0,1.0,0.0,0.0,0.0,0.0,0.0,0.0,0.0,0.0,0.0,0.0,0.6666666666666667,1.0,FP
0.3964646464646464,0.016346301444022597,0.8833333333333334,0.0,0.4444444444444444,0.0,0.0,0.0,0.0,0.0,0.0,0.0,0.0,0.9166666666666666,0.5,FP
0.44999999999999996,0.0,0.0,0.0,0.4365079365079365,0.0,0.0,0.0,0.0,0.0,0.0,0.0,0.0,0.8,0.6,FP
0.5793650793650794,0.06526921690730524,0.9066666666666667,0.6,0.6666666666666666,0.0,0.0,0.0,0.0,0.0,0.0,0.0,0.0,1.0,0.6,FP
0.41666666666666674,0.0,1.0,0.0,0.5777777777777778,0.0,0.0,0.0,0.0,0.0,0.0,0.0,0.0,0.75,1.0,FP
0.5092592592592592,0.017246555587967265,0.8833333333333334,0.4370370370370371,0.0,0.0,0.0,0.0,0.0,0.0,0.0,0.0,0.0,0.75,0.5,FP
0.4722222222222221,0.021221690662153167,0.8833333333333334,0.4555555555555555,0.0,0.0,0.0,0.0,0.0,0.0,0.0,0.0,0.0,0.5,0.5,FP
0.4563492063492063,0.013951325807139169,1.0,0.4111111111111112,0.0,0.0,0.0,0.0,0.0,0.0,0.0,0.0,0.0,0.8571428571428572,1.0,FP
0.5337606837606838,0.014901298057449624,0.8833333333333334,0.4111111111111112,0.0,0.0,0.0,0.0,0.0,0.0,0.0,0.0,0.0,0.9230769230769231,0.5,FP
0.44999999999999996,0.027393828169573527,0.8833333333333334,0.4555555555555555,0.4305555555555556,0.0,0.0,0.0,0.0,0.0,0.0,0.0,0.0,0.8,0.5,FP
0.5707070707070706,0.0332229091491693,0.8833333333333334,0.0,0.5396825396825397,0.0,0.0,0.0,0.0,0.0,0.0,0.0,0.0,0.9166666666666666,0.5,FP
0.4277777777777778,0.023313043788338393,1.0,0.0,0.0,0.0,0.0,0.0,0.0,0.0,0.0,0.0,0.0,0.41666666666666663,1.0,FP
0.5,0.0,1.0,0.4555555555555555,0.0,0.0,0.0,0.0,0.0,0.0,0.0,0.0,0.0,0.5,1.0,FP
0.5,0.0,0.8833333333333334,0.5777777777777778,0.0,0.0,0.0,0.0,0.0,0.0,0.0,0.0,0.0,0.5,0.5,FP
0.7222222222222222,0.09081664128019704,0.8444444444444446,0.611111111111111,0.0,0.0,0.0,0.0,0.0,0.0,0.0,0.0,0.0,0.5,0.41666666666666663,FP
0.5880952380952381,0.14964882625091433,0.7666666666666666,0.4833333333333334,0.5873015873015873,0.0,0.0,0.0,0.0,0.0,0.0,0.0,0.0,0.8,0.5,FP
0.7590909090909091,0.0764645957957633,0.0,0.5277777777777778,0.6428571428571429,0.0,0.0,0.0,0.0,0.0,0.0,0.0,0.0,0.9090909090909091,0.26315789473684215,FP
0.8238095238095238,0.11756044794190632,0.3643790849673203,0.6333333333333333,0.9249999999999999,0.0,0.0,0.0,0.0,0.0,1.0,0.0,0.0,1.0,0.7058823529411764,FP
0.812166918049271,0.10778626961492319,0.5,0.8518518518518519,0.8767857142857143,0.0,0.0,0.0,0.0,0.0,1.0,0.0,0.0,0.7647058823529411,0.5,FP
0.8554248366013072,0.29520543753245304,0.44249512670565294,0.9274074074074075,0.4111111111111112,0.5,0.0,0.0,0.0,0.0,0.0,0.0,0.0,0.8823529411764706,0.4736842105263158,FP
0.8258249158249159,0.25558644942538017,0.3942495126705652,0.9274074074074075,0.5619047619047619,0.5,0.0,0.0,0.0,0.0,0.0,0.0,0.0,0.8333333333333334,0.9473684210526316,FP
0.8543434343434343,0.16495791555016517,0.0,0.8962962962962963,0.4833333333333334,0.5,0.0,0.0,0.0,0.0,0.0,0.0,0.0,1.0,0.3157894736842105,FP
0.724074074074074,0.48165074942643565,0.501984126984127,0.9259259259259259,0.0,0.0,0.0,1.0,0.0,0.0,0.0,0.0,0.0,0.6,0.5833333333333333,FP
0.876750700280112,0.5096822680717829,0.6145969498910675,1.0,0.5555555555555555,1.0,0.0,1.0,1.0,0.0,0.0,0.0,0.0,0.8095238095238095,0.9444444444444444,FP
0.9164705882352941,0.44935483112157837,0.5444444444444444,1.0,0.5793650793650794,1.0,0.0,1.0,1.0,0.0,0.0,0.0,0.0,0.9444444444444444,0.5,FP
0.8904977375565611,0.4692254232250697,0.44074074074074066,1.0,0.38888888888888884,1.0,0.0,0.0,1.0,0.0,0.0,0.0,0.0,1.0,0.44999999999999996,FP
0.8904977375565611,0.5030080282361425,0.4466230936819173,1.0,0.5555555555555555,1.0,0.0,0.0,1.0,0.0,0.0,0.0,0.0,1.0,0.5294117647058824,FP
0.8627450980392158,0.16844505415375008,0.7037037037037037,0.8781481481481481,0.746031746031746,0.5,0.0,0.0,0.0,0.0,0.0,0.0,0.0,1.0,0.6666666666666667,FP
0.9298039215686275,0.48118609141796054,0.375925925925926,1.0,0.6428571428571429,1.0,0.0,0.0,1.0,0.0,0.0,0.0,0.0,0.9444444444444444,0.9,FP
0.8820010055304174,0.44935483112157837,0.3366013071895424,1.0,0.5396825396825397,1.0,0.0,0.0,1.0,0.0,0.0,0.0,0.0,0.9444444444444444,0.9444444444444444,FP
0.9058823529411765,0.4692254232250697,0.5401960784313725,1.0,0.5555555555555555,1.0,0.0,1.0,1.0,0.0,0.0,0.0,0.0,1.0,0.85,FP
1.0,1.0000000000000002,0.5277777777777778,1.0,1.0,1.0,1.0,0.0,1.0,0.0,1.0,0.0,0.0,1.0,0.16666666666666663,FP
0.8666666666666666,0.5023287782256719,1.0,1.0,0.0,1.0,0.0,1.0,1.0,0.0,0.0,0.0,0.0,0.33333333333333337,1.0,TP
0.888888888888889,0.5797386715376658,1.0,1.0,0.0,1.0,0.0,1.0,1.0,0.0,0.0,0.0,0.0,0.4444444444444444,1.0,TP
0.45833333333333326,0.37480777005897264,1.0,0.0,1.0,0.0,1.0,1.0,0.0,0.0,0.0,0.0,0.0,0.5,1.0,TP
0.0,0.0,1.0,0.0,0.0,0.0,0.0,0.0,0.0,0.0,0.0,0.0,0.0,0.3076923076923077,1.0,FP
0.38095238095238093,0.0,1.0,0.5952380952380952,0.0,0.0,0.0,0.0,0.0,0.0,0.0,0.0,0.0,0.2857142857142857,1.0,FP
0.4833333333333334,0.0,0.8500000000000001,0.4833333333333334,1.0,0.0,1.0,0.0,0.0,0.0,0.0,0.0,0.0,0.8,0.5,FP
0.44047619047619047,0.0,1.0,0.0,1.0,0.0,1.0,0.0,0.0,0.0,0.0,0.0,0.0,0.2857142857142857,1.0,FP
0.8435314685314685,0.24917980448201582,0.4126984126984128,1.0,0.5138888888888888,1.0,0.0,1.0,1.0,0.0,0.0,0.0,0.0,0.8461538461538461,0.4285714285714286,FP
0.8691919191919192,0.2628654249703616,0.6626984126984127,1.0,0.5396825396825397,1.0,0.0,0.0,1.0,0.0,0.0,0.0,0.0,0.9166666666666666,0.8571428571428572,FP
0.8722222222222222,0.30443336591753106,0.6666666666666666,1.0,0.4642857142857142,1.0,0.0,0.0,1.0,0.0,0.0,0.0,0.0,0.75,1.0,FP
0.8333333333333334,0.3232188045324586,1.0,1.0,0.0,1.0,0.0,1.0,1.0,0.0,0.0,0.0,0.0,0.75,1.0,TP
0.5472222222222222,0.23161087608853329,1.0,0.0,0.0,0.0,0.0,1.0,0.0,0.0,0.0,0.0,0.0,0.6666666666666667,1.0,TP
0.4907407407407407,0.602974816038057,1.0,0.0,0.0,0.0,0.0,1.0,0.0,0.0,0.0,0.0,0.0,0.8888888888888888,1.0,TP
0.8845098039215686,0.4335631970294235,0.4365079365079365,1.0,0.0,1.0,0.0,0.0,1.0,0.0,0.0,0.0,0.0,0.8823529411764706,0.8571428571428572,FP
0.8845098039215686,0.32751865533272584,0.5555555555555555,0.9777777777777777,0.5952380952380952,1.0,0.0,0.0,0.0,0.0,1.0,0.0,0.0,0.8823529411764706,1.0,FP
0.5506535947712418,0.017554482359151507,0.8095238095238096,0.5185185185185185,0.0,0.0,0.0,0.0,0.0,0.0,0.0,0.0,0.0,0.3529411764705882,1.0,FP
0.5954248366013072,0.02790020537727618,0.8095238095238096,0.5407407407407407,0.5952380952380952,0.0,0.0,0.0,0.0,0.0,0.0,0.0,0.0,0.5882352941176471,1.0,FP
0.4496434937611409,0.013521583407499978,0.8095238095238096,0.5185185185185185,0.0,0.0,0.0,0.0,0.0,0.0,0.0,0.0,0.0,0.6470588235294117,1.0,FP
0.5381263616557734,0.019909144480968456,0.8095238095238096,0.4259259259259258,0.49523809523809526,0.0,0.0,0.0,0.0,0.0,0.0,0.0,0.0,1.0,1.0,FP
0.5221755368814193,0.0,0.8095238095238096,0.5740740740740741,0.5238095238095238,0.0,0.0,0.0,0.0,0.0,0.0,0.0,0.0,0.7058823529411764,1.0,FP
0.8823529411764707,0.3942643268445862,0.5050505050505051,1.0,0.5238095238095238,1.0,0.0,0.0,1.0,0.0,0.0,0.0,0.0,1.0,0.5454545454545454,FP
0.8047138047138048,0.10396396220429888,0.38596491228070184,0.5277777777777778,0.8400000000000001,0.0,0.0,1.0,0.0,0.0,0.0,0.0,0.0,0.8181818181818181,0.4736842105263158,FP
0.7277777777777779,0.18910413740410337,0.4175438596491228,0.48611111111111116,0.0,0.0,0.0,0.0,0.0,0.0,0.0,0.0,0.0,0.8,0.26315789473684215,FP
0.5583333333333333,0.019556820280473033,0.65,0.3833333333333333,0.0,0.0,0.0,0.0,0.0,0.0,0.0,0.0,0.0,0.8,0.5,FP
0.40064102564102555,0.0,0.9333333333333333,0.40064102564102555,1.0,0.0,1.0,0.0,0.0,0.0,0.0,0.0,0.0,0.6153846153846154,0.7142857142857143,FP
0.8914285714285715,0.4333009465089472,0.47619047619047605,0.8428571428571429,1.0,0.5,1.0,0.0,0.0,0.0,1.0,0.0,0.0,0.7,0.7777777777777778,FP
0.8914285714285715,0.4333009465089472,0.5007122507122507,0.8428571428571429,1.0,0.5,1.0,1.0,0.0,0.0,1.0,0.0,0.0,0.7,0.6923076923076923,FP
1.0,0.9999999999999992,0.553113553113553,1.0,1.0,1.0,1.0,0.0,1.0,0.0,1.0,0.0,0.0,1.0,0.5384615384615384,FP
0.8823529411764706,0.5315155655441517,1.0,1.0,0.0,1.0,0.0,0.0,1.0,0.0,0.0,0.0,0.0,0.4117647058823529,1.0,FP
0.8823529411764706,0.5315155655441517,1.0,1.0,0.0,1.0,0.0,0.0,1.0,0.0,0.0,0.0,0.0,0.4117647058823529,1.0,FP
0.8933333333333334,0.2605018170486792,0.9095238095238095,0.9095238095238095,0.0,0.5,0.0,0.0,0.0,0.0,0.0,0.0,0.0,0.4666666666666667,0.8571428571428572,FP
0.6996336996336997,0.28530619098136084,0.8857142857142858,0.8742857142857143,0.0,0.5,0.0,0.0,0.0,0.0,0.0,0.0,0.0,0.5384615384615384,1.0,FP
0.553113553113553,0.4771388675126394,0.553113553113553,0.553113553113553,1.0,0.0,1.0,0.0,0.0,0.0,0.0,0.0,0.0,0.5384615384615384,0.5384615384615384,FP
0.6011904761904762,0.0,0.8914285714285715,0.6011904761904762,1.0,0.0,1.0,0.0,0.0,0.0,0.0,0.0,0.0,0.875,0.7,FP
0.8823529411764706,0.5315155655441517,0.553113553113553,1.0,0.0,1.0,0.0,0.0,1.0,0.0,0.0,0.0,0.0,0.4117647058823529,0.5384615384615384,FP
0.8823529411764706,0.5315155655441517,0.553113553113553,1.0,0.0,1.0,0.0,0.0,1.0,0.0,0.0,0.0,0.0,0.4117647058823529,0.5384615384615384,FP
0.553113553113553,0.4771388675126394,1.0,0.553113553113553,1.0,0.0,1.0,1.0,0.0,0.0,0.0,0.0,0.0,0.5384615384615384,1.0,TP
0.865686274509804,0.3360969272762574,1.0,1.0,0.5462962962962963,1.0,0.0,0.0,1.0,0.0,0.0,0.0,0.0,1.0,1.0,FP
0.8397147950089127,0.18666280865713974,0.9095238095238095,0.9095238095238095,0.5694444444444444,0.5,0.0,0.0,0.0,0.0,0.0,0.0,0.0,0.8823529411764706,0.8571428571428572,FP
0.8314932126696833,0.17077611319011646,0.8857142857142858,0.8742857142857143,0.5886243386243386,0.5,0.0,0.0,0.0,0.0,0.0,0.0,0.0,0.7647058823529411,1.0,FP
0.5924250041897101,0.265523252410712,0.553113553113553,0.553113553113553,0.0,0.0,0.0,0.0,0.0,0.0,0.0,0.0,0.0,0.7647058823529411,0.5384615384615384,FP
0.4950980392156863,0.0,0.8914285714285715,0.6011904761904762,0.0,0.0,0.0,0.0,0.0,0.0,0.0,0.0,0.0,0.47058823529411764,0.7,FP
0.6357298474945533,0.17109792097295312,0.9095238095238095,0.9095238095238095,0.4907407407407407,0.5,0.0,0.0,0.0,0.0,0.0,0.0,0.0,0.8823529411764706,0.8571428571428572,FP
0.8314932126696833,0.2798280652432878,0.0,0.9095238095238095,0.611111111111111,0.5,0.0,0.0,0.0,0.0,0.0,0.0,0.0,0.7647058823529411,0.8571428571428572,FP
0.8314932126696833,0.17077611319011646,0.8857142857142858,0.8742857142857143,0.5873015873015873,0.5,0.0,0.0,0.0,0.0,0.0,0.0,0.0,0.7647058823529411,1.0,FP
0.5924250041897101,0.265523252410712,0.553113553113553,0.553113553113553,0.0,0.0,0.0,0.0,0.0,0.0,0.0,0.0,0.0,0.7647058823529411,0.5384615384615384,FP
0.4950980392156863,0.0,0.8914285714285715,0.6011904761904762,0.0,0.0,0.0,0.0,0.0,0.0,0.0,0.0,0.0,0.47058823529411764,0.7,FP
0.8767032967032967,0.23198930376748592,0.0,0.9333333333333333,0.5317460317460317,1.0,0.0,0.0,0.0,0.0,0.0,0.0,0.0,0.9285714285714286,0.6666666666666667,FP
0.8477633477633478,0.21528271546341893,0.4537037037037037,0.8933333333333334,0.565079365079365,1.0,0.0,0.0,0.0,0.0,0.0,0.0,0.0,0.7857142857142857,0.4444444444444444,FP
0.5238095238095238,0.13704187478775706,0.8856481481481482,0.4365079365079365,0.4900793650793651,0.0,0.0,1.0,0.0,0.0,0.0,0.0,0.0,0.875,0.8888888888888888,FP
0.8895238095238096,0.36366670353998887,0.4859649122807017,1.0,0.4476190476190476,1.0,0.0,0.0,1.0,0.0,0.0,0.0,0.0,0.8571428571428572,0.5263157894736843,FP
0.8884615384615385,0.3836128698213564,0.0,1.0,0.4555555555555555,1.0,0.0,0.0,1.0,0.0,0.0,0.0,0.0,0.9230769230769231,0.6,FP
0.4722222222222221,0.23157052612297294,0.6888888888888888,0.4444444444444444,0.0,0.0,0.0,0.0,0.0,0.0,0.0,0.0,0.0,0.5,0.6,FP
0.0,0.026176385561266245,0.8049999999999999,0.0,0.0,0.0,0.0,1.0,0.0,0.0,0.0,0.0,0.0,0.33333333333333337,0.8,FP
0.6745726495726495,0.18443191662261305,0.9095238095238095,0.8933333333333334,0.5119047619047619,1.0,0.0,0.0,0.0,0.0,0.0,0.0,0.0,0.8666666666666667,0.8571428571428572,FP
0.413888888888889,0.0,0.92,0.5277777777777778,0.0,0.0,0.0,0.0,0.0,0.0,0.0,0.0,0.0,0.5333333333333333,0.6,FP
0.8967032967032967,0.39244259912930407,0.4064327485380117,1.0,0.5396825396825397,1.0,0.0,0.0,1.0,0.0,1.0,0.0,0.0,0.9285714285714286,0.3157894736842105,FP
0.7043142043142043,0.4070321417218268,0.3462823725981621,0.0,1.0,0.0,1.0,0.0,0.0,1.0,0.0,0.0,0.0,0.9285714285714286,0.736842105263158,FP
0.547008547008547,0.060892439568219194,1.0,0.611111111111111,0.4365079365079365,0.0,0.0,0.0,0.0,0.0,0.0,0.0,0.0,0.9230769230769231,1.0,FP
0.44017094017094016,0.029129872218243036,0.8833333333333334,0.5,0.0,0.0,0.0,0.0,0.0,0.0,0.0,0.0,0.0,0.23076923076923073,0.5,FP
0.6596459096459096,0.014901298057449625,0.8833333333333334,0.5396825396825397,0.4722222222222221,0.0,0.0,0.0,0.0,0.0,0.0,0.0,0.0,0.9230769230769231,0.5,FP
0.6596459096459096,0.014901298057449625,1.0,0.5396825396825397,0.4722222222222221,0.0,0.0,0.0,0.0,0.0,0.0,0.0,0.0,0.9230769230769231,1.0,FP
0.44145299145299144,0.0,0.8833333333333334,0.4259259259259258,0.0,0.0,0.0,0.0,0.0,0.0,0.0,0.0,0.0,0.8666666666666667,0.5,FP
0.5366300366300366,0.02755516519090463,0.95,0.4111111111111112,0.0,0.0,0.0,0.0,0.0,0.0,0.0,0.0,0.0,0.9285714285714286,0.75,FP
0.6130536130536131,0.04570873956149425,1.0,0.0,0.5777777777777778,0.0,0.0,0.0,0.0,0.0,0.0,0.0,0.0,0.8461538461538461,1.0,FP
0.39914529914529906,0.0,1.0,0.48888888888888893,0.0,0.0,0.0,0.0,0.0,0.0,0.0,0.0,0.0,0.7692307692307692,1.0,FP
0.5010683760683761,0.02419575303498771,0.9166666666666666,0.36111111111111116,0.4365079365079365,0.0,0.0,0.0,0.0,0.0,0.0,0.0,0.0,0.8125,0.75,FP
0.5615384615384615,0.03354960620564175,1.0,0.5777777777777778,0.0,0.0,0.0,0.0,0.0,0.0,0.0,0.0,0.0,0.7692307692307692,1.0,FP
0.5692307692307693,0.0,1.0,0.4555555555555555,0.0,0.0,0.0,0.0,0.0,0.0,0.0,0.0,0.0,0.7692307692307692,1.0,FP
0.0,0.0,0.8833333333333334,0.0,0.0,0.0,0.0,0.0,0.0,0.0,0.0,0.0,0.0,0.6153846153846154,0.5,FP
0.5578865578865578,0.01564049639071292,1.0,0.4722222222222221,0.6666666666666666,0.0,0.0,0.0,0.0,0.0,0.0,0.0,0.0,0.8461538461538461,1.0,FP
0.5337606837606838,0.0,0.8755555555555556,0.0,0.5555555555555555,0.0,0.0,0.0,0.0,0.0,0.0,0.0,0.0,0.9230769230769231,0.8333333333333334,FP
0.5337606837606838,0.0,0.41666666666666674,0.4111111111111112,0.0,0.0,0.0,0.0,0.0,0.0,0.0,0.0,0.0,0.9230769230769231,0.5,FP
0.41025641025641035,0.0,0.8833333333333334,0.0,0.4555555555555555,0.0,0.0,0.0,0.0,0.0,0.0,0.0,0.0,0.6923076923076923,0.5,FP
0.292022792022792,0.0,1.0,0.4259259259259258,0.0,0.0,0.0,0.0,0.0,0.0,0.0,0.0,0.0,0.6923076923076923,1.0,FP
0.4914529914529915,0.06360120575671217,1.0,0.4444444444444444,0.0,0.0,0.0,0.0,0.0,0.0,0.0,0.0,0.0,0.46153846153846156,1.0,FP
0.513919413919414,0.04111991434933479,0.8833333333333334,0.38888888888888884,0.0,0.0,0.0,0.0,0.0,0.0,0.0,0.0,0.0,0.9285714285714286,0.5,FP
0.5230769230769231,0.043997326267831836,1.0,0.38888888888888884,0.0,0.0,0.0,0.0,0.0,0.0,0.0,0.0,0.0,1.0,1.0,FP
0.5731379731379732,0.05380246600202974,1.0,0.4444444444444444,0.4305555555555556,0.0,0.0,0.0,0.0,0.0,0.0,0.0,0.0,0.8666666666666667,1.0,FP
0.47377622377622375,0.0,1.0,0.0,0.4365079365079365,0.0,0.0,0.0,0.0,0.0,0.0,0.0,0.0,0.8461538461538461,1.0,FP
0.35128205128205137,0.0,0.8833333333333334,0.4555555555555555,0.0,0.0,0.0,0.0,0.0,0.0,0.0,0.0,0.0,0.3846153846153846,0.5,FP
0.0,0.0,0.8833333333333334,0.0,0.0,0.0,0.0,0.0,0.0,0.0,0.0,0.0,0.0,0.46153846153846156,0.5,FP
0.0,0.0,0.33333333333333326,0.0,0.0,0.0,0.0,0.0,0.0,0.0,0.0,0.0,0.0,0.3076923076923077,0.5,FP
0.4658119658119657,0.02030537472607335,1.0,0.0,0.0,0.0,0.0,0.0,0.0,0.0,0.0,0.0,0.0,0.46153846153846156,1.0,FP
0.8685314685314686,0.3250365822214807,0.4642857142857142,1.0,0.5619047619047619,1.0,0.0,0.0,1.0,0.0,0.0,0.0,0.0,0.8461538461538461,0.5714285714285714,FP
0.5772430184194891,0.04169673782898245,0.8333333333333334,0.6333333333333333,0.0,0.0,0.0,0.0,0.0,0.0,0.0,0.0,0.0,0.6470588235294117,1.0,FP
0.6024531024531025,0.014643399527407773,1.0,0.44166666666666665,0.0,0.0,0.0,0.0,0.0,0.0,0.0,0.0,0.0,0.7857142857142857,1.0,FP
0.398989898989899,0.01564049639071292,1.0,0.4277777777777778,0.0,0.0,0.0,0.0,0.0,0.0,0.0,0.0,0.0,0.9166666666666666,1.0,FP
0.47377622377622375,0.0,1.0,0.4555555555555555,0.4555555555555555,0.0,0.0,0.0,0.0,0.0,0.0,0.0,0.0,0.8461538461538461,1.0,FP
0.4797979797979799,0.022274420317382797,1.0,0.0,0.0,0.0,0.0,0.0,0.0,0.0,0.0,0.0,0.0,0.5454545454545454,1.0,FP
0.30134680134680125,0.0,1.0,0.4370370370370371,0.0,0.0,0.0,0.0,0.0,0.0,0.0,0.0,0.0,0.8181818181818181,1.0,FP
0.6131907308377896,0.06633486978750845,0.8888888888888888,0.75,0.49444444444444446,0.0,0.0,0.0,0.0,0.0,0.0,0.0,0.0,1.0,0.6666666666666667,FP
0.5072182719241543,0.0379000486833743,0.8571428571428571,0.7261904761904763,0.0,0.0,0.0,0.0,0.0,0.0,0.0,0.0,0.0,0.7647058823529411,0.5714285714285714,FP
0.41708683473389363,0.023344547669984207,0.8333333333333334,0.45833333333333326,0.0,0.0,0.0,0.0,0.0,0.0,0.0,0.0,0.0,0.8235294117647058,1.0,FP
0.3643790849673203,0.0,0.8333333333333334,0.0,0.0,0.0,0.0,0.0,0.0,0.0,0.0,0.0,0.0,0.7058823529411764,1.0,FP
0.42383107088989447,0.0,0.8333333333333334,0.0,0.41666666666666674,0.0,0.0,0.0,0.0,0.0,0.0,0.0,0.0,0.7647058823529411,1.0,FP
0.31699346405228757,0.0,0.8333333333333334,0.4722222222222221,0.0,0.0,0.0,0.0,0.0,0.0,0.0,0.0,0.0,0.3529411764705882,1.0,FP
0.5620915032679737,0.0,0.8333333333333334,0.4537037037037037,0.0,0.0,0.0,0.0,0.0,0.0,0.0,0.0,0.0,0.5294117647058824,1.0,FP
0.0,0.029548953301498884,0.8833333333333334,0.0,0.0,0.0,0.0,0.0,0.0,0.0,0.0,0.0,0.0,0.25,0.5,FP
0.4722222222222221,0.030683927268780737,0.8833333333333334,0.4285714285714286,0.0,0.0,0.0,0.0,0.0,0.0,0.0,0.0,0.0,1.0,0.5,FP
0.4722222222222221,0.030683927268780737,1.0,0.4285714285714286,0.0,0.0,0.0,0.0,0.0,0.0,0.0,0.0,0.0,1.0,1.0,FP
0.37222222222222223,0.0,0.8833333333333334,0.4537037037037037,0.0,0.0,0.0,0.0,0.0,0.0,0.0,0.0,0.0,0.8,0.5,FP
0.5317460317460317,0.04250750137487191,0.95,0.6333333333333333,0.4476190476190476,0.0,0.0,0.0,0.0,0.0,0.0,0.0,0.0,0.8571428571428572,0.75,FP
0.5570707070707072,0.07969805725105217,1.0,0.4833333333333334,0.5619047619047619,0.0,0.0,0.0,0.0,0.0,0.0,0.0,0.0,0.9166666666666666,1.0,FP
0.3944444444444444,0.0,1.0,0.44999999999999996,0.0,0.0,0.0,0.0,0.0,0.0,0.0,0.0,0.0,0.8333333333333334,1.0,FP
0.4305555555555556,0.0,0.9166666666666666,0.0,0.0,0.0,0.0,0.0,0.0,0.0,0.0,0.0,0.0,0.75,0.75,FP
0.49444444444444446,0.034039228846450845,1.0,0.4833333333333334,0.5952380952380952,0.0,0.0,0.0,0.0,0.0,0.0,0.0,0.0,0.8333333333333334,1.0,FP
0.638888888888889,0.016739285766090132,1.0,0.46666666666666656,0.4642857142857142,0.0,0.0,0.0,0.0,0.0,0.0,0.0,0.0,0.8333333333333334,1.0,FP
0.0,0.0,0.8833333333333334,0.0,0.0,0.0,0.0,0.0,0.0,0.0,0.0,0.0,0.0,0.6666666666666667,0.5,FP
0.2828282828282829,0.0,1.0,0.0,0.0,0.0,0.0,0.0,0.0,0.0,0.0,0.0,0.0,0.9166666666666666,1.0,FP
0.47777777777777786,0.0,0.8755555555555556,0.4833333333333334,0.373015873015873,0.0,0.0,0.0,0.0,0.0,0.0,0.0,0.0,1.0,0.8333333333333334,FP
0.5444444444444444,0.06326199359155514,0.41666666666666674,0.0,0.5396825396825397,0.0,0.0,0.0,0.0,0.0,0.0,0.0,0.0,1.0,0.5,FP
0.5277777777777778,0.017775400691728394,0.8833333333333334,0.5277777777777778,0.0,0.0,0.0,0.0,0.0,0.0,0.0,0.0,0.0,0.75,0.5,FP
0.0,0.0,1.0,0.0,0.0,0.0,0.0,0.0,0.0,0.0,0.0,0.0,0.0,0.75,1.0,FP
0.33333333333333326,0.13838682696036486,1.0,0.4722222222222221,0.0,0.0,0.0,0.0,0.0,0.0,0.0,0.0,0.0,0.5,1.0,FP
0.4563492063492063,0.013540977983132219,0.8833333333333334,0.0,0.4285714285714286,0.0,0.0,0.0,0.0,0.0,0.0,0.0,0.0,0.8571428571428572,0.5,FP
0.4935897435897436,0.0,1.0,0.0,0.4365079365079365,0.0,0.0,0.0,0.0,0.0,0.0,0.0,0.0,0.9230769230769231,1.0,FP
0.37222222222222223,0.05459914077266955,1.0,0.4722222222222221,0.42261904761904767,0.0,0.0,0.0,0.0,0.0,0.0,0.0,0.0,0.8,1.0,FP
0.5656565656565656,0.01586551063454384,1.0,0.5277777777777778,0.4285714285714286,0.0,0.0,0.0,0.0,0.0,0.0,0.0,0.0,0.9166666666666666,1.0,FP
0.0,0.0,0.8833333333333334,0.0,0.0,0.0,0.0,0.0,0.0,0.0,0.0,0.0,0.0,0.41666666666666663,0.5,FP
0.0,0.0,0.8833333333333334,0.0,0.0,0.0,0.0,0.0,0.0,0.0,0.0,0.0,0.0,0.5,0.5,FP
0.4444444444444444,0.0,0.33333333333333326,0.5,0.0,0.0,0.0,0.0,0.0,0.0,0.0,0.0,0.0,0.33333333333333337,0.5,FP
0.41666666666666674,0.0,1.0,0.4722222222222221,0.0,0.0,0.0,0.0,0.0,0.0,0.0,0.0,0.0,0.5,1.0,FP
0.88,0.536892711851518,1.0,1.0,0.0,1.0,0.0,1.0,1.0,0.0,0.0,0.0,0.0,0.4,1.0,TP
0.7833333333333333,0.03918461513531269,0.35579710144927534,0.6333333333333333,1.0,0.0,1.0,0.0,0.0,0.0,0.0,0.0,0.0,0.8,0.8695652173913043,FP
0.9333333333333333,0.45017550232699,0.6605820105820106,0.75,1.0,0.0,1.0,1.0,0.0,0.0,1.0,0.0,0.0,0.6666666666666667,0.7,FP
0.7833333333333333,0.03918461513531269,0.6605820105820106,0.7833333333333333,1.0,0.0,1.0,1.0,0.0,0.0,0.0,0.0,0.0,0.8,0.7,FP
0.0,0.0,1.0,0.0,1.0,0.0,1.0,1.0,0.0,0.0,0.0,0.0,0.0,0.15384615384615385,1.0,TP
0.8268398268398268,0.37131352596671285,0.3035714285714286,0.8412698412698413,0.8,0.0,0.0,1.0,0.0,0.0,0.0,0.0,0.0,1.0,0.4375,FP
0.7579175210754158,0.2588517840807131,0.384469696969697,0.8412698412698413,0.611111111111111,0.0,0.0,0.0,0.0,0.0,0.0,0.0,0.0,0.736842105263158,0.6875,FP
1.0,1.0000000000000002,0.6508771929824562,1.0,1.0,1.0,1.0,1.0,1.0,0.0,1.0,0.0,0.0,1.0,1.0,FP
1.0,1.0000000000000002,0.4619883040935673,1.0,1.0,1.0,1.0,0.0,1.0,0.0,1.0,0.0,0.0,1.0,0.1578947368421053,FP
1.0,1.0000000000000002,0.41592442645074224,1.0,1.0,1.0,1.0,0.0,1.0,0.0,1.0,0.0,0.0,1.0,0.6842105263157895,FP
0.8333333333333334,0.13627634143908646,0.0,0.6666666666666666,1.0,0.0,1.0,0.0,0.0,0.0,0.0,0.0,0.0,0.5,0.1578947368421053,FP
1.0,1.0000000000000002,0.0,1.0,1.0,1.0,1.0,0.0,1.0,0.0,1.0,0.0,0.0,1.0,0.1578947368421053,FP
1.0,1.0000000000000002,0.25303643724696356,1.0,1.0,1.0,1.0,0.0,1.0,0.0,1.0,0.0,0.0,1.0,0.6842105263157895,FP
0.8366666666666667,0.6212407273367458,1.0,1.0,0.0,1.0,0.0,1.0,1.0,0.0,0.0,0.0,0.0,0.30000000000000004,1.0,TP
0.8333333333333334,0.13627634143908646,0.4619883040935673,0.6666666666666666,1.0,0.0,1.0,0.0,0.0,0.0,0.0,0.0,0.0,0.5,0.1578947368421053,FP
1.0,1.0000000000000002,0.47008547008546997,1.0,1.0,1.0,1.0,0.0,1.0,0.0,1.0,0.0,0.0,1.0,0.23076923076923073,FP
0.611111111111111,0.09865621511919304,1.0,0.0,0.0,0.0,0.0,0.0,0.0,0.0,0.0,0.0,0.0,0.25,1.0,FP
0.611111111111111,0.09865621511919304,0.8833333333333334,0.0,0.0,0.0,0.0,0.0,0.0,0.0,0.0,0.0,0.0,0.25,0.5,FP
0.0,0.0,1.0,0.0,0.0,0.0,0.0,0.0,0.0,0.0,0.0,0.0,0.0,0.19999999999999996,1.0,FP
0.4747474747474747,0.061344627827661986,0.8833333333333334,0.0,0.0,0.0,0.0,0.0,0.0,0.0,0.0,0.0,0.0,0.2727272727272727,0.5,FP
0.6222222222222222,0.03195464384844042,0.8833333333333334,0.6222222222222222,1.0,0.0,1.0,0.0,0.0,0.0,0.0,0.0,0.0,0.30000000000000004,0.5,FP
0.6222222222222222,0.10964258683453856,0.8833333333333334,0.0,0.0,0.0,0.0,0.0,0.0,0.0,0.0,0.0,0.0,0.30000000000000004,0.5,FP
0.0,0.0,0.8833333333333334,0.0,0.0,0.0,0.0,0.0,0.0,0.0,0.0,0.0,0.0,0.30000000000000004,0.5,FP
0.0,0.0,1.0,0.0,1.0,0.0,1.0,0.0,0.0,0.0,0.0,0.0,0.0,0.375,1.0,FP
0.4747474747474747,0.0,0.8833333333333334,0.0,0.0,0.0,0.0,0.0,0.0,0.0,0.0,0.0,0.0,0.2727272727272727,0.5,FP
0.46666666666666656,0.0,0.0,0.0,0.0,0.0,0.0,0.0,0.0,0.0,0.0,0.0,0.0,0.19999999999999996,0.6,FP
0.4722222222222221,0.0,0.9066666666666667,0.0,0.0,0.0,0.0,0.0,0.0,0.0,0.0,0.0,0.0,0.25,0.6,FP
0.0,0.11671773546032795,1.0,0.0,0.0,0.0,0.0,0.0,0.0,0.0,0.0,0.0,0.0,0.33333333333333337,1.0,FP
0.0,0.0,0.8833333333333334,0.0,1.0,0.0,1.0,0.0,0.0,0.0,0.0,0.0,0.0,0.33333333333333337,0.5,FP
0.0,0.04148532126934761,0.8833333333333334,0.0,1.0,0.0,1.0,0.0,0.0,0.0,0.0,0.0,0.0,0.5,0.5,FP
0.6031746031746031,0.02727281452060266,1.0,0.5,0.0,0.0,0.0,0.0,0.0,0.0,0.0,0.0,0.0,0.2142857142857143,1.0,FP
0.6068376068376068,0.029129872218243032,0.8833333333333334,0.5,0.0,0.0,0.0,0.0,0.0,0.0,0.0,0.0,0.0,0.23076923076923073,0.5,FP
0.6,0.22931020052989937,0.8833333333333334,0.5,0.0,0.0,0.0,0.0,0.0,0.0,0.0,0.0,0.0,0.19999999999999996,0.5,FP
0.4747474747474747,0.03195464384844042,0.8833333333333334,0.0,0.0,0.0,0.0,0.0,0.0,0.0,0.0,0.0,0.0,0.2727272727272727,0.5,FP
0.5111111111111111,0.0,1.0,0.5111111111111111,1.0,0.0,1.0,0.0,0.0,0.0,0.0,0.0,0.0,0.6,1.0,FP
0.5,0.04148532126934761,1.0,0.0,1.0,0.0,1.0,0.0,0.0,0.0,1.0,0.0,0.0,0.5,1.0,FP
0.5,0.0,0.8833333333333334,0.5,1.0,0.0,1.0,0.0,0.0,0.0,0.0,0.0,0.0,0.5,0.5,FP
0.8333333333333334,0.13627634143908646,0.0,0.6666666666666666,1.0,0.0,1.0,0.0,0.0,0.0,0.0,0.0,0.0,0.5,1.0,FP
0.8333333333333334,0.13627634143908646,0.0,0.6666666666666666,1.0,0.0,1.0,0.0,0.0,0.0,0.0,0.0,0.0,0.5,0.23076923076923073,FP
0.9054545454545454,0.2738228991998106,0.4097222222222221,1.0,0.6626984126984127,1.0,0.0,0.0,1.0,0.0,0.0,0.0,0.0,0.9090909090909091,0.5,FP
0.6375000000000001,0.019923787568454473,0.7833333333333333,0.46666666666666656,0.0,0.0,0.0,0.0,0.0,0.0,0.0,0.0,0.0,0.3125,0.8,FP
0.69002849002849,0.1295899356567494,0.7904761904761904,0.7904761904761904,0.5407407407407407,0.0,0.0,0.0,0.0,0.0,0.0,0.0,0.0,0.8666666666666667,0.7142857142857143,FP
0.5444444444444444,0.06257488404687829,0.7904761904761904,0.6888888888888888,0.35185185185185186,0.0,0.0,0.0,0.0,0.0,0.0,0.0,0.0,0.6666666666666667,0.7142857142857143,FP
0.9055555555555556,0.37363290511705644,0.8994652406417112,1.0,0.44999999999999996,1.0,0.0,1.0,1.0,0.0,0.0,0.0,0.0,0.6666666666666667,0.6470588235294117,FP
1.0,1.0,0.4722222222222221,1.0,1.0,1.0,1.0,0.0,1.0,1.0,1.0,0.0,0.0,1.0,0.25,TP
1.0,1.0,0.41666666666666674,1.0,1.0,1.0,1.0,0.0,1.0,1.0,1.0,0.0,0.0,1.0,0.5,TP
1.0,1.0,0.8833333333333334,1.0,1.0,1.0,1.0,1.0,1.0,1.0,1.0,0.0,0.0,1.0,0.5,TP
0.6357142857142857,0.05746436195292903,1.0,0.671957671957672,0.4833333333333334,0.5,0.0,0.0,0.0,0.0,0.0,0.0,0.0,0.8,1.0,FP
0.5656565656565656,0.031380658886338376,0.8833333333333334,0.5619047619047619,0.0,0.0,0.0,0.0,0.0,0.0,0.0,0.0,0.0,0.9166666666666666,0.5,FP
0.40555555555555567,0.016346301444022597,0.8833333333333334,0.465079365079365,0.0,0.0,0.0,0.0,0.0,0.0,0.0,0.0,0.0,0.8333333333333334,0.5,FP
0.5055555555555555,0.053550953149967315,0.8833333333333334,0.6761904761904761,0.0,0.0,0.0,0.0,0.0,0.0,0.0,0.0,0.0,0.8333333333333334,0.5,FP
0.49444444444444446,0.035086431419227106,0.8833333333333334,0.5619047619047619,0.0,0.0,0.0,0.0,0.0,0.0,0.0,0.0,0.0,0.8333333333333334,0.5,FP
0.0,0.0,1.0,0.0,0.0,0.0,0.0,0.0,0.0,0.0,0.0,0.0,0.0,0.6666666666666667,1.0,FP
0.48232323232323226,0.0332229091491693,0.8833333333333334,0.4642857142857142,0.4722222222222221,0.0,0.0,0.0,0.0,0.0,0.0,0.0,0.0,0.9166666666666666,0.5,FP
0.5333333333333333,0.0,0.0,0.4285714285714286,0.0,0.0,0.0,0.0,0.0,0.0,0.0,0.0,0.0,0.8,0.6,FP
0.5444444444444444,0.015573745479007596,0.9066666666666667,0.4476190476190476,0.4722222222222221,0.0,0.0,0.0,0.0,0.0,0.0,0.0,0.0,1.0,0.6,FP
0.41666666666666674,0.0,1.0,0.0,0.0,0.0,0.0,0.0,0.0,0.0,0.0,0.0,0.0,0.75,1.0,FP
0.462962962962963,0.0,0.8833333333333334,0.5026455026455027,0.0,0.0,0.0,0.0,0.0,0.0,0.0,0.0,0.0,0.75,0.5,FP
0.4722222222222221,0.021221690662153167,0.8833333333333334,0.4365079365079365,0.0,0.0,0.0,0.0,0.0,0.0,0.0,0.0,0.0,0.5,0.5,FP
0.5246031746031746,0.0,1.0,0.5317460317460317,0.0,0.0,0.0,0.0,0.0,0.0,0.0,0.0,0.0,0.8571428571428572,1.0,FP
0.5982905982905983,0.0,0.8833333333333334,0.5317460317460317,0.4722222222222221,0.0,0.0,0.0,0.0,0.0,0.0,0.0,0.0,0.9230769230769231,0.5,FP
0.5222222222222223,0.10280613079696954,0.8833333333333334,0.4365079365079365,0.0,0.0,0.0,0.0,0.0,0.0,0.0,0.0,0.0,0.8,0.5,FP
0.5570707070707072,0.0332229091491693,0.8833333333333334,0.0,0.0,0.0,0.0,0.0,0.0,0.0,0.0,0.0,0.0,0.9166666666666666,0.5,FP
0.4277777777777778,0.0,1.0,0.0,0.0,0.0,0.0,0.0,0.0,0.0,0.0,0.0,0.0,0.41666666666666663,1.0,FP
0.41666666666666674,0.0,1.0,0.4365079365079365,0.0,0.0,0.0,0.0,0.0,0.0,0.0,0.0,0.0,0.5,1.0,FP
0.5833333333333334,0.0,0.8833333333333334,0.5396825396825397,0.0,0.0,0.0,0.0,0.0,0.0,0.0,0.0,0.0,0.5,0.5,FP
0.6357142857142857,0.05746436195292903,0.8833333333333334,0.671957671957672,0.4833333333333334,0.5,0.0,0.0,0.0,0.0,0.0,0.0,0.0,0.8,0.5,FP
0.45793650793650786,0.0,0.95,0.39523809523809517,0.0,0.0,0.0,0.0,0.0,0.0,0.0,0.0,0.0,0.8571428571428572,0.75,FP
0.5656565656565656,0.031380658886338376,1.0,0.5619047619047619,0.0,0.0,0.0,0.0,0.0,0.0,0.0,0.0,0.0,0.9166666666666666,1.0,FP
0.40555555555555567,0.016346301444022597,1.0,0.465079365079365,0.0,0.0,0.0,0.0,0.0,0.0,0.0,0.0,0.0,0.8333333333333334,1.0,FP
0.44305555555555554,0.0,0.9166666666666666,0.5119047619047619,0.4642857142857142,0.0,0.0,0.0,0.0,0.0,0.0,0.0,0.0,0.75,0.75,FP
0.5055555555555555,0.053550953149967315,1.0,0.6761904761904761,0.0,0.0,0.0,0.0,0.0,0.0,0.0,0.0,0.0,0.8333333333333334,1.0,FP
0.49444444444444446,0.035086431419227106,1.0,0.5619047619047619,0.0,0.0,0.0,0.0,0.0,0.0,0.0,0.0,0.0,0.8333333333333334,1.0,FP
0.0,0.0,0.8833333333333334,0.0,0.0,0.0,0.0,0.0,0.0,0.0,0.0,0.0,0.0,0.6666666666666667,0.5,FP
0.48232323232323226,0.0332229091491693,1.0,0.4642857142857142,0.4722222222222221,0.0,0.0,0.0,0.0,0.0,0.0,0.0,0.0,0.9166666666666666,1.0,FP
0.5444444444444444,0.015573745479007596,0.8755555555555556,0.4476190476190476,0.4722222222222221,0.0,0.0,0.0,0.0,0.0,0.0,0.0,0.0,1.0,0.8333333333333334,FP
0.47777777777777786,0.03162790539835864,0.41666666666666674,0.565079365079365,0.0,0.0,0.0,0.0,0.0,0.0,0.0,0.0,0.0,1.0,0.5,FP
0.41666666666666674,0.0,0.8833333333333334,0.0,0.0,0.0,0.0,0.0,0.0,0.0,0.0,0.0,0.0,0.75,0.5,FP
0.462962962962963,0.0,1.0,0.5026455026455027,0.0,0.0,0.0,0.0,0.0,0.0,0.0,0.0,0.0,0.75,1.0,FP
0.4722222222222221,0.021221690662153167,1.0,0.4365079365079365,0.0,0.0,0.0,0.0,0.0,0.0,0.0,0.0,0.0,0.5,1.0,FP
0.5246031746031746,0.0,0.8833333333333334,0.5317460317460317,0.0,0.0,0.0,0.0,0.0,0.0,0.0,0.0,0.0,0.8571428571428572,0.5,FP
0.5982905982905983,0.0,1.0,0.5317460317460317,0.4722222222222221,0.0,0.0,0.0,0.0,0.0,0.0,0.0,0.0,0.9230769230769231,1.0,FP
0.5222222222222223,0.10280613079696954,1.0,0.4365079365079365,0.0,0.0,0.0,0.0,0.0,0.0,0.0,0.0,0.0,0.8,1.0,FP
0.5570707070707072,0.0332229091491693,1.0,0.0,0.0,0.0,0.0,0.0,0.0,0.0,0.0,0.0,0.0,0.9166666666666666,1.0,FP
0.4277777777777778,0.0,0.8833333333333334,0.0,0.0,0.0,0.0,0.0,0.0,0.0,0.0,0.0,0.0,0.41666666666666663,0.5,FP
0.41666666666666674,0.0,0.8833333333333334,0.4365079365079365,0.0,0.0,0.0,0.0,0.0,0.0,0.0,0.0,0.0,0.5,0.5,FP
0.0,0.0,0.33333333333333326,0.0,0.0,0.0,0.0,0.0,0.0,0.0,0.0,0.0,0.0,0.33333333333333337,0.5,FP
0.5833333333333334,0.0,1.0,0.5396825396825397,0.0,0.0,0.0,0.0,0.0,0.0,0.0,0.0,0.0,0.5,1.0,FP
0.797979797979798,0.11994797049883718,0.0,0.5606060606060607,0.0,0.0,0.0,0.0,0.0,0.0,0.0,0.0,0.0,0.9166666666666666,0.21052631578947367,FP
0.8946428571428571,0.518732715404639,0.5555555555555555,1.0,0.4722222222222221,1.0,0.0,0.0,1.0,0.0,1.0,0.0,0.0,0.875,1.0,FP
0.8857142857142858,0.5467280949221063,0.5555555555555555,1.0,0.0,1.0,0.0,0.0,1.0,0.0,0.0,0.0,0.0,1.0,1.0,FP
0.8946428571428571,0.4794113373342649,1.0,1.0,0.0,1.0,0.0,0.0,1.0,0.0,0.0,0.0,0.0,0.875,1.0,FP
0.3797979797979798,0.0,0.8833333333333334,0.4370370370370371,0.0,0.0,0.0,0.0,0.0,0.0,0.0,0.0,0.0,0.7333333333333334,0.5,FP
0.4722222222222223,0.029352109213202984,0.8833333333333334,0.4740740740740741,0.0,0.0,0.0,0.0,0.0,0.0,0.0,0.0,0.0,0.6666666666666667,0.5,FP
0.5555555555555555,0.030998512571391152,0.8833333333333334,0.374074074074074,0.4833333333333334,0.0,0.0,0.0,0.0,0.0,0.0,0.0,0.0,0.6666666666666667,0.5,FP
0.38888888888888884,0.04723062045463178,0.8833333333333334,0.4370370370370371,0.0,0.0,0.0,0.0,0.0,0.0,0.0,0.0,0.0,0.6666666666666667,0.5,FP
0.39722222222222214,0.0,1.0,0.412037037037037,0.0,0.0,0.0,0.0,0.0,0.0,0.0,0.0,0.0,0.5333333333333333,1.0,FP
0.5373737373737374,0.029352109213202984,0.8833333333333334,0.0,0.5777777777777778,0.0,0.0,0.0,0.0,0.0,0.0,0.0,0.0,0.7333333333333334,0.5,FP
0.5492063492063491,0.050592807009572756,0.0,0.33597883597883604,0.565079365079365,0.0,0.0,0.0,0.0,0.0,0.0,0.0,0.0,1.0,0.6,FP
0.37222222222222223,0.0,0.9066666666666667,0.4370370370370371,0.0,0.0,0.0,0.0,0.0,0.0,0.0,0.0,0.0,0.8,0.6,FP
0.5703703703703703,0.0,1.0,0.4814814814814814,0.6,0.0,0.0,0.0,0.0,0.0,0.0,0.0,0.0,0.6,1.0,FP
0.562962962962963,0.04723062045463178,0.8833333333333334,0.4814814814814814,0.0,0.0,0.0,0.0,0.0,0.0,0.0,0.0,0.0,0.6,0.5,FP
0.48888888888888893,0.018780478694932802,0.8833333333333334,0.4259259259259258,0.0,0.0,0.0,0.0,0.0,0.0,0.0,0.0,0.0,0.4,0.5,FP
0.6182539682539683,0.07936831902405508,1.0,0.5185185185185185,0.6761904761904761,0.0,0.0,0.0,0.0,0.0,0.0,0.0,0.0,0.9333333333333333,1.0,FP
0.6329059829059829,0.054872582762182105,0.8833333333333334,0.5185185185185185,0.5777777777777778,0.0,0.0,0.0,0.0,0.0,0.0,0.0,0.0,0.8666666666666667,0.5,FP
0.5555555555555555,0.04937425762583564,0.8833333333333334,0.0,0.5499999999999999,0.0,0.0,0.0,0.0,0.0,0.0,0.0,0.0,1.0,0.5,FP
0.4818181818181817,0.014465924082000927,0.8833333333333334,0.0,0.4476190476190476,0.0,0.0,0.0,0.0,0.0,0.0,0.0,0.0,0.7333333333333334,0.5,FP
0.4222222222222223,0.0,1.0,0.4370370370370371,0.0,0.0,0.0,0.0,0.0,0.0,0.0,0.0,0.0,0.33333333333333337,1.0,FP
0.3222222222222222,0.0,1.0,0.4259259259259258,0.0,0.0,0.0,0.0,0.0,0.0,0.0,0.0,0.0,0.4,1.0,FP
0.48888888888888893,0.018780478694932802,0.8833333333333334,0.5185185185185185,0.0,0.0,0.0,0.0,0.0,0.0,0.0,0.0,0.0,0.4,0.5,FP
0.8922077922077922,0.4484224918523912,0.0,1.0,0.0,1.0,0.0,0.0,1.0,0.0,0.0,0.0,0.0,0.7857142857142857,0.15384615384615385,FP
0.3606060606060606,0.0,1.0,0.39523809523809517,0.0,0.0,0.0,0.0,0.0,0.0,0.0,0.0,0.0,0.4545454545454546,1.0,FP
0.49494949494949503,0.0581788048212976,0.0,0.41428571428571437,0.6161616161616161,0.0,0.0,0.0,0.0,0.0,0.0,0.0,0.0,0.5,0.5,FP
0.8857142857142858,0.550102426220591,1.0,1.0,0.0,1.0,0.0,1.0,1.0,0.0,0.0,0.0,0.0,0.4285714285714286,1.0,TP
0.5,0.1597642092414444,0.6684796684796686,0.35185185185185186,1.0,0.0,1.0,1.0,0.0,0.0,0.0,0.0,0.0,0.6666666666666667,0.8181818181818181,FP
1.0,1.000000000000001,0.7999999999999999,1.0,1.0,1.0,1.0,0.0,1.0,1.0,1.0,0.0,0.0,1.0,0.6666666666666667,TP
0.8666666666666667,0.1011193638126073,0.4608225108225108,0.8666666666666667,1.0,0.0,1.0,1.0,0.0,0.0,1.0,0.0,0.0,0.6666666666666667,0.9090909090909091,FP
0.8666666666666667,0.15976420924144438,0.41515151515151527,0.7837037037037038,1.0,0.0,1.0,0.0,0.0,0.0,1.0,0.0,0.0,0.6666666666666667,0.2272727272727273,FP
0.9,0.6147464667918187,0.44166666666666665,0.9333333333333333,0.0,1.0,0.0,0.0,0.0,0.0,0.0,0.0,0.0,0.5,0.625,FP
0.9333333333333333,0.3875569814434227,0.0,0.9333333333333333,1.0,1.0,1.0,0.0,0.0,0.0,1.0,0.0,0.0,1.0,0.25,FP
0.8222222222222222,0.09193998174078086,0.4555555555555555,0.8222222222222222,1.0,0.0,1.0,1.0,0.0,0.0,1.0,0.0,0.0,1.0,0.75,FP
0.8222222222222223,0.22576484600261607,0.4608225108225108,0.8222222222222223,1.0,0.0,1.0,1.0,0.0,0.0,0.0,0.0,0.0,0.8333333333333334,0.9090909090909091,FP
0.6,0.15976420924144438,1.0,0.6666666666666666,0.0,0.0,0.0,0.0,0.0,0.0,0.0,0.0,0.0,0.6,1.0,FP
0.5,0.3187840217537793,0.3555555555555556,0.5,1.0,0.0,1.0,0.0,0.0,0.0,0.0,0.0,0.0,0.5,0.41666666666666663,FP
0.7777777777777777,0.09193998174078086,0.0,0.6666666666666666,1.0,0.0,1.0,0.0,0.0,0.0,0.0,0.0,0.0,1.0,0.2941176470588235,FP
0.7523809523809524,0.31976661656166055,0.4476190476190476,0.5555555555555555,0.888888888888889,0.0,0.0,0.0,0.0,0.0,0.0,0.0,0.0,1.0,0.7142857142857143,FP
0.5909090909090909,0.02155584535310003,1.0,0.5,0.0,0.0,0.0,1.0,0.0,0.0,0.0,0.0,0.0,0.5454545454545454,1.0,TP
0.8761904761904762,0.3807179283587165,0.6780538302277433,1.0,0.6011904761904762,1.0,0.0,0.0,1.0,0.0,0.0,0.0,0.0,0.9333333333333333,0.6086956521739131,FP
0.8845098039215686,0.3068702944118465,0.7536231884057972,1.0,0.5499999999999999,1.0,0.0,0.0,1.0,0.0,0.0,0.0,0.0,0.8823529411764706,0.26086956521739135,FP
0.8871794871794872,0.40238214579237563,0.4520358868184955,1.0,0.625,1.0,0.0,0.0,1.0,0.0,0.0,0.0,0.0,0.8666666666666667,0.6086956521739131,FP
0.8967032967032967,0.39244259912930407,0.4761904761904763,1.0,0.6428571428571429,1.0,0.0,1.0,1.0,0.0,0.0,0.0,0.0,0.9285714285714286,1.0,FP
0.8221216691804927,0.2175924257361571,0.9714285714285714,0.9714285714285714,0.43333333333333335,1.0,0.0,0.0,0.0,0.0,0.0,0.0,0.0,0.7647058823529411,0.8571428571428572,FP
0.4832244008714597,0.0148401487726966,0.8642857142857143,0.5396825396825397,0.0,0.0,0.0,0.0,0.0,0.0,0.0,0.0,0.0,0.5294117647058824,0.8571428571428572,FP
0.58005698005698,0.03566946421355303,0.8285714285714287,0.5238095238095238,0.0,0.0,0.0,0.0,0.0,0.0,0.0,0.0,0.0,0.6923076923076923,1.0,FP
1.0,0.9999999999999999,0.29894179894179884,1.0,1.0,1.0,1.0,0.0,1.0,0.0,1.0,0.0,0.0,1.0,0.38888888888888884,FP
0.9,0.6225407468137512,0.4185185185185185,1.0,0.0,1.0,0.0,0.0,1.0,0.0,0.0,0.0,0.0,0.5,0.2777777777777778,FP
0.9,0.6225407468137512,0.7988529014844805,1.0,0.0,1.0,0.0,1.0,1.0,0.0,0.0,0.0,0.0,0.5,0.9473684210526316,FP
0.9,0.6225407468137512,0.4185185185185185,1.0,0.0,1.0,0.0,0.0,1.0,0.0,0.0,0.0,0.0,0.5,0.2777777777777778,FP
0.9666666666666667,0.5803329846765682,0.720875420875421,0.9666666666666667,1.0,1.0,1.0,1.0,0.0,0.0,1.0,0.0,0.0,0.8333333333333334,0.8333333333333334,FP
0.9,0.6225407468137512,0.6761904761904761,1.0,0.0,1.0,0.0,0.0,1.0,0.0,0.0,0.0,0.0,0.5,0.7142857142857143,FP
0.9,0.6225407468137512,0.2969924812030076,1.0,0.0,1.0,0.0,0.0,1.0,0.0,0.0,0.0,0.0,0.5,0.368421052631579,FP
0.9,0.6225407468137512,0.6761904761904761,1.0,0.0,1.0,0.0,0.0,1.0,0.0,0.0,0.0,0.0,0.5,0.7142857142857143,FP
0.9666666666666667,0.5803329846765682,0.30634920634920637,0.9666666666666667,1.0,1.0,1.0,0.0,0.0,0.0,1.0,0.0,0.0,0.8333333333333334,0.4666666666666667,FP
0.88,0.27686448175827666,0.806060606060606,1.0,0.5185185185185185,1.0,0.0,1.0,1.0,0.0,1.0,0.0,0.0,0.8,0.6363636363636364,FP
0.8933333333333334,0.40221544519059704,0.5247208931419457,1.0,0.4722222222222221,1.0,0.0,0.0,1.0,0.0,0.0,0.0,0.0,0.8333333333333334,0.5789473684210527,FP
0.8666666666666666,0.29670081122577363,0.834965034965035,1.0,0.4444444444444444,1.0,0.0,1.0,1.0,0.0,0.0,0.0,0.0,1.0,0.8461538461538461,FP
0.9,0.3359813637757791,0.3858585858585859,0.9666666666666667,0.0,1.0,0.0,0.0,0.0,0.0,0.0,0.0,0.0,0.5,0.7333333333333334,FP
0.88,0.3875569814434229,0.4175438596491228,1.0,0.5,1.0,0.0,0.0,1.0,0.0,0.0,0.0,0.0,1.0,0.26315789473684215,FP
0.88,0.3875569814434229,1.0,1.0,0.5,1.0,0.0,0.0,1.0,0.0,0.0,0.0,0.0,1.0,1.0,FP
0.8290909090909091,0.3609109455358705,1.0,1.0,0.0,1.0,0.0,0.0,1.0,0.0,0.0,0.0,0.0,0.9090909090909091,1.0,FP
0.8672727272727273,0.21528879299148374,0.4933333333333334,0.92,0.4833333333333334,0.0,0.0,0.0,0.0,0.0,1.0,0.0,0.0,0.9090909090909091,0.19999999999999996,FP
0.8830769230769232,0.3496325396524417,0.5619047619047619,1.0,0.4642857142857142,1.0,0.0,0.0,1.0,0.0,0.0,0.0,0.0,0.7692307692307692,0.7142857142857143,FP
0.8830769230769232,0.3496325396524417,0.4064327485380117,1.0,0.4642857142857142,1.0,0.0,0.0,1.0,0.0,1.0,0.0,0.0,0.7692307692307692,0.3157894736842105,FP
0.92,0.3808165329771113,0.6541910331384015,0.9666666666666667,0.0,1.0,0.0,1.0,0.0,0.0,0.0,0.0,0.0,0.6,0.7894736842105263,FP
0.8435314685314685,0.20319978085164936,0.47111111111111104,0.92,0.5619047619047619,0.0,0.0,0.0,0.0,0.0,0.0,0.0,0.0,0.8461538461538461,0.24,FP
0.9,0.37509381879890075,0.4290598290598291,0.9666666666666667,0.0,1.0,0.0,0.0,0.0,0.0,0.0,0.0,0.0,0.5,0.8666666666666667,FP
0.8787878787878788,0.2139703460360003,0.4058974358974359,0.92,0.5777777777777778,0.0,0.0,0.0,0.0,0.0,0.0,0.0,0.0,0.9166666666666666,0.52,FP
0.8290909090909091,0.3609109455358705,1.0,1.0,0.0,1.0,0.0,0.0,1.0,0.0,0.0,0.0,0.0,0.9090909090909091,1.0,FP
0.7808857808857809,0.24917980448201588,0.421064425770308,0.4555555555555555,0.9666666666666667,0.0,1.0,1.0,0.0,0.0,0.0,0.0,0.0,0.8461538461538461,0.6799999999999999,FP
0.8626050420168067,0.3726681393345658,0.5467236467236467,0.8588235294117647,0.0,0.0,0.0,1.0,0.0,0.0,0.0,0.0,0.0,0.8235294117647058,0.6923076923076923,FP
0.5842490842490843,0.0,1.0,0.4476190476190476,0.5317460317460317,0.0,0.0,0.0,0.0,0.0,0.0,0.0,0.0,0.9285714285714286,1.0,FP
0.4256410256410257,0.0,0.8500000000000001,0.0,0.0,0.0,0.0,0.0,0.0,0.0,0.0,0.0,0.0,0.3846153846153846,0.5,FP
0.3644688644688645,0.012880469732914377,1.0,0.0,0.0,0.0,0.0,0.0,0.0,0.0,0.0,0.0,0.0,0.9285714285714286,1.0,FP
0.4550264550264551,0.016406171858219753,0.7904761904761904,0.0,0.0,0.0,0.0,0.0,0.0,0.0,0.0,0.0,0.0,0.6428571428571428,0.7142857142857143,FP
0.9096153846153847,0.43161341897075145,0.6853801169590642,1.0,0.7222222222222222,1.0,0.0,1.0,1.0,0.0,0.0,0.0,0.0,1.0,0.76,FP
0.7904761904761904,0.20613696606828605,0.446969696969697,0.6761904761904761,1.0,0.0,1.0,0.0,0.0,0.0,0.0,0.0,0.0,0.7142857142857143,0.36363636363636365,FP
1.0,1.0000000000000002,0.48917748917748916,1.0,1.0,1.0,1.0,0.0,1.0,0.0,1.0,0.0,0.0,1.0,0.6363636363636364,TP
0.5111111111111111,0.0,1.0,0.4555555555555555,0.0,0.0,0.0,0.0,0.0,0.0,0.0,0.0,0.0,0.6,1.0,FP
0.4797979797979799,0.0,1.0,0.5555555555555555,0.0,0.0,0.0,0.0,0.0,0.0,0.0,0.0,0.0,0.5454545454545454,1.0,FP
0.4836601307189543,0.016240240445610996,1.0,0.4444444444444444,0.0,0.0,0.0,0.0,0.0,0.0,0.0,0.0,0.0,0.3529411764705882,1.0,FP
0.5,0.021221690662153167,1.0,0.4722222222222221,0.0,0.0,0.0,0.0,0.0,0.0,0.0,0.0,0.0,0.5,1.0,FP
0.42380952380952386,0.0,0.8500000000000001,0.4476190476190476,0.0,0.0,0.0,0.0,0.0,0.0,0.0,0.0,0.0,0.3571428571428571,0.5,FP
0.3650793650793651,0.011504654896444332,1.0,0.0,0.0,0.0,0.0,0.0,0.0,0.0,0.0,0.0,0.0,1.0,1.0,FP
0.92,0.7092972666062738,0.3373538011695907,1.0,0.0,1.0,0.0,0.0,1.0,0.0,0.0,0.0,0.0,0.6,0.8421052631578947,FP
0.8222222222222222,0.09193998174078086,0.6388888888888888,0.6666666666666666,1.0,0.5,1.0,0.0,0.0,0.0,1.0,0.0,0.0,1.0,0.375,FP
1.0,1.0000000000000002,0.5476190476190476,1.0,1.0,1.0,1.0,0.0,1.0,1.0,1.0,0.0,0.0,1.0,0.2857142857142857,TP
0.6603174603174603,0.2487274686476023,0.0,0.8492063492063492,0.5238095238095238,0.0,0.0,0.0,0.0,0.0,0.0,0.0,0.0,0.9333333333333333,0.25,FP
0.6603174603174603,0.2487274686476023,0.5416666666666666,0.8492063492063492,0.5238095238095238,0.0,0.0,0.0,0.0,0.0,0.0,0.0,0.0,0.9333333333333333,0.25,FP
0.6603174603174603,0.2487274686476023,0.6011904761904762,0.8492063492063492,0.5238095238095238,0.0,0.0,0.0,0.0,0.0,0.0,0.0,0.0,0.9333333333333333,0.875,FP
0.6603174603174603,0.2487274686476023,0.6071428571428571,0.8492063492063492,0.5238095238095238,0.0,0.0,0.0,0.0,0.0,0.0,0.0,0.0,0.9333333333333333,0.875,FP
1.0,0.9999999999999991,0.6805555555555555,1.0,1.0,1.0,1.0,1.0,1.0,1.0,1.0,0.0,0.0,1.0,0.5625,TP
0.592929292929293,0.029352109213202984,0.0,0.5952380952380952,0.4365079365079365,0.0,0.0,0.0,0.0,0.0,0.0,0.0,0.0,0.7333333333333334,0.5,FP
0.4705627705627706,0.02983744097019378,1.0,0.0,0.4365079365079365,0.0,0.0,0.0,0.0,0.0,0.0,0.0,0.0,0.7857142857142857,1.0,FP
0.5050505050505051,0.022274420317382797,1.0,0.0,0.0,0.0,0.0,0.0,0.0,0.0,0.0,0.0,0.0,0.5454545454545454,1.0,FP
0.5272727272727272,0.024469517744177334,0.9066666666666667,0.0,0.0,0.0,0.0,0.0,0.0,0.0,0.0,0.0,0.0,0.4545454545454546,0.6,FP
0.4191919191919191,0.0,1.0,0.4722222222222221,0.0,0.0,0.0,0.0,0.0,0.0,0.0,0.0,0.0,0.5454545454545454,1.0,FP
0.7833333333333333,0.08150598686233711,0.4768740031897927,0.6333333333333333,1.0,0.0,1.0,0.0,0.0,0.0,0.0,0.0,0.0,0.8,0.5789473684210527,FP
0.7833333333333333,0.08150598686233711,0.5859649122807017,0.6333333333333333,1.0,0.0,1.0,0.0,0.0,0.0,0.0,0.0,0.0,0.8,0.26315789473684215,FP
0.8659848484848485,0.3385188425156023,0.6472222222222223,0.9066666666666666,0.0,0.5,0.0,1.0,0.0,0.0,0.0,0.0,0.0,0.9375,0.6666666666666667,FP
0.41515151515151527,0.0,0.0,0.43333333333333335,0.0,0.0,0.0,0.0,0.0,0.0,0.0,0.0,0.0,0.2272727272727273,0.5,FP
0.8563492063492064,0.3539255039799356,0.0,1.0,0.625,1.0,0.0,0.0,1.0,0.0,0.0,0.0,0.0,0.8571428571428572,0.41666666666666663,FP
0.875,0.44397769015965677,0.4179894179894179,1.0,0.0,1.0,0.0,0.0,1.0,0.0,0.0,0.0,0.0,1.0,0.7777777777777778,FP
0.3507936507936509,0.0,0.0,0.5396825396825397,0.0,0.0,0.0,0.0,0.0,0.0,0.0,0.0,0.0,0.9333333333333333,0.5,FP
0.5611111111111111,0.07995684019445397,0.0,0.6428571428571429,0.0,0.0,0.0,0.0,0.0,0.0,0.0,0.0,0.0,0.4,0.5,FP
0.3222222222222222,0.0,0.0,0.4365079365079365,0.0,0.0,0.0,0.0,0.0,0.0,0.0,0.0,0.0,0.4,0.5,FP
0.5801587301587302,0.036167215969128155,0.7777777777777777,0.4555555555555555,0.0,0.0,0.0,0.0,0.0,0.0,0.0,0.0,0.0,0.23809523809523814,1.0,FP
0.44166666666666665,0.0,1.0,0.4303030303030304,1.0,0.0,1.0,1.0,0.0,0.0,0.0,0.0,0.0,0.625,1.0,TP
0.6024531024531025,0.028365635125672677,0.95,0.6,0.46666666666666656,0.0,0.0,0.0,0.0,0.0,0.0,0.0,0.0,0.7857142857142857,0.75,FP
0.47857142857142865,0.014827571540848232,0.95,0.3666666666666667,0.0,0.0,0.0,0.0,0.0,0.0,0.0,0.0,0.0,0.7142857142857143,0.75,FP
0.4900793650793651,0.09992272395042927,0.8333333333333334,0.0,0.5619047619047619,0.0,0.0,0.0,0.0,0.0,0.0,0.0,0.0,0.875,1.0,FP
0.5523809523809524,0.0,0.95,0.6,0.4833333333333334,0.0,0.0,0.0,0.0,0.0,0.0,0.0,0.0,0.7142857142857143,0.75,FP
0.565079365079365,0.015644183345665145,0.95,0.43333333333333335,0.6333333333333333,0.0,0.0,0.0,0.0,0.0,0.0,0.0,0.0,0.7142857142857143,0.75,FP
0.46645021645021645,0.046024840430788666,0.95,0.0,0.4555555555555555,0.0,0.0,0.0,0.0,0.0,0.0,0.0,0.0,0.7857142857142857,0.75,FP
0.28835978835978837,0.0,0.95,0.0,0.0,0.0,0.0,0.0,0.0,0.0,0.0,0.0,0.0,0.6428571428571428,0.75,FP
0.5674603174603174,0.03924270151307828,0.95,0.5777777777777778,0.0,0.0,0.0,0.0,0.0,0.0,0.0,0.0,0.0,0.4285714285714286,0.75,FP
0.3705738705738706,0.0,0.95,0.0,0.0,0.0,0.0,0.0,0.0,0.0,0.0,0.0,0.0,0.9285714285714286,0.75,FP
0.5765873015873016,0.024893134743677037,0.95,0.5777777777777778,0.3833333333333333,0.0,0.0,0.0,0.0,0.0,0.0,0.0,0.0,0.9333333333333333,0.75,FP
0.46645021645021645,0.0,0.95,0.0,0.5619047619047619,0.0,0.0,0.0,0.0,0.0,0.0,0.0,0.0,0.7857142857142857,0.75,FP
0.32539682539682535,0.0,0.95,0.4555555555555555,0.0,0.0,0.0,0.0,0.0,0.0,0.0,0.0,0.0,0.4285714285714286,0.75,FP
0.7174242424242424,0.1897672843384491,0.5499999999999999,0.46666666666666656,0.96,0.0,0.0,1.0,0.0,0.0,0.0,0.0,0.0,0.9090909090909091,0.8,FP
1.0,1.0000000000000007,0.4111111111111112,1.0,1.0,1.0,1.0,1.0,1.0,1.0,1.0,0.0,0.0,1.0,0.4,FP
0.795959595959596,0.47265257057513155,0.7674074074074074,0.76,1.0,0.0,1.0,1.0,0.0,1.0,1.0,0.0,0.0,0.9166666666666666,0.8,FP
0.5045454545454545,0.01610052455609315,1.0,0.5222222222222221,0.0,0.0,0.0,0.0,0.0,0.0,0.0,0.0,0.0,0.9090909090909091,1.0,FP
0.4545454545454546,0.024917903601870392,0.9166666666666666,0.44166666666666665,0.5619047619047619,0.0,0.0,0.0,0.0,0.0,0.0,0.0,0.0,0.6875,0.75,FP
0.5878787878787879,0.03475132418208501,1.0,0.46666666666666656,0.4833333333333334,0.0,0.0,0.0,0.0,0.0,0.0,0.0,0.0,0.9090909090909091,1.0,FP
0.5045454545454545,0.0,1.0,0.46666666666666656,0.4833333333333334,0.0,0.0,0.0,0.0,0.0,0.0,0.0,0.0,0.9090909090909091,1.0,FP
0.31060606060606055,0.0,0.8833333333333334,0.44166666666666665,0.0,0.0,0.0,0.0,0.0,0.0,0.0,0.0,0.0,0.7272727272727273,0.5,FP
0.4545454545454546,0.0,1.0,0.0,0.4555555555555555,0.0,0.0,0.0,0.0,0.0,0.0,0.0,0.0,1.0,1.0,FP
0.5707070707070706,0.06424209905763706,0.8755555555555556,0.46666666666666656,0.7911111111111111,0.0,0.0,0.0,0.0,0.0,0.0,0.0,0.0,0.9166666666666666,0.8333333333333334,FP
0.398989898989899,0.0,0.41666666666666674,0.0,0.4111111111111112,0.0,0.0,0.0,0.0,0.0,0.0,0.0,0.0,0.9166666666666666,0.5,FP
0.5193602693602694,0.0,0.8833333333333334,0.0,0.46666666666666656,0.0,0.0,0.0,0.0,0.0,0.0,0.0,0.0,0.8181818181818181,0.5,FP
0.40067340067340074,0.0,1.0,0.4370370370370371,0.0,0.0,0.0,0.0,0.0,0.0,0.0,0.0,0.0,0.8181818181818181,1.0,FP
0.5934343434343434,0.0894310622043302,1.0,0.5888888888888889,0.0,0.0,0.0,0.0,0.0,0.0,0.0,0.0,0.0,0.5454545454545454,1.0,FP
0.38455988455988455,0.0,0.8833333333333334,0.0,0.0,0.0,0.0,0.0,0.0,0.0,0.0,0.0,0.0,0.7857142857142857,0.5,FP
0.3892773892773893,0.0,1.0,0.0,0.0,0.0,0.0,0.0,0.0,0.0,0.0,0.0,0.0,0.8461538461538461,1.0,FP
0.5959595959595959,0.08510944218497538,1.0,0.4555555555555555,0.5499999999999999,0.0,0.0,0.0,0.0,0.0,0.0,0.0,0.0,0.7333333333333334,1.0,FP
0.5858585858585857,0.049871130361703125,1.0,0.0,0.4476190476190476,0.0,0.0,0.0,0.0,0.0,0.0,0.0,0.0,1.0,1.0,FP
0.5131313131313131,0.02296251756256907,0.8833333333333334,0.0,0.0,0.0,0.0,0.0,0.0,0.0,0.0,0.0,0.0,0.4545454545454546,0.5,FP
0.0,0.0,0.8833333333333334,0.0,0.0,0.0,0.0,0.0,0.0,0.0,0.0,0.0,0.0,0.5454545454545454,0.5,FP
0.446969696969697,0.0,0.33333333333333326,0.0,0.0,0.0,0.0,0.0,0.0,0.0,0.0,0.0,0.0,0.36363636363636365,0.5,FP
0.5050505050505051,0.0,1.0,0.4555555555555555,0.0,0.0,0.0,0.0,0.0,0.0,0.0,0.0,0.0,0.5454545454545454,1.0,FP
0.5472222222222222,0.06934429223845773,0.9166666666666666,0.6416666666666667,0.0,0.0,0.0,0.0,0.0,0.0,0.0,0.0,0.0,0.625,0.75,FP
0.43333333333333335,0.018102093481109714,1.0,0.5666666666666668,0.0,0.0,0.0,0.0,0.0,0.0,0.0,0.0,0.0,1.0,1.0,FP
0.5333333333333333,0.0,1.0,0.43333333333333335,0.0,0.0,0.0,0.0,0.0,0.0,0.0,0.0,0.0,1.0,1.0,FP
0.31666666666666665,0.0,0.8833333333333334,0.40833333333333344,1.0,0.0,1.0,0.0,0.0,0.0,0.0,0.0,0.0,0.8,0.5,FP
0.396969696969697,0.017157181055708518,1.0,0.44999999999999996,0.0,0.0,0.0,0.0,0.0,0.0,0.0,0.0,0.0,0.9090909090909091,1.0,FP
0.3944444444444444,0.0,0.8755555555555556,0.0,0.0,0.0,0.0,0.0,0.0,0.0,0.0,0.0,0.0,0.8333333333333334,0.8333333333333334,FP
0.5166666666666667,0.0332229091491693,0.41666666666666674,0.6333333333333333,0.0,0.0,0.0,0.0,0.0,0.0,0.0,0.0,0.0,0.8333333333333334,0.5,FP
0.43333333333333335,0.01922256238899298,0.8833333333333334,0.47777777777777786,0.0,0.0,0.0,0.0,0.0,0.0,0.0,0.0,0.0,0.9,0.5,FP
0.43333333333333335,0.018102093481109714,1.0,0.43333333333333335,1.0,0.0,1.0,0.0,0.0,0.0,0.0,0.0,0.0,0.9,1.0,FP
0.48888888888888893,0.022274420317382797,1.0,0.34444444444444433,1.0,0.0,1.0,0.0,0.0,0.0,0.0,0.0,0.0,0.6,1.0,FP
0.3936507936507936,0.02983744097019378,0.8833333333333334,0.5111111111111111,0.0,0.0,0.0,0.0,0.0,0.0,0.0,0.0,0.0,0.7142857142857143,0.5,FP
0.48589743589743595,0.01564049639071292,1.0,0.5111111111111111,0.0,0.0,0.0,0.0,0.0,0.0,0.0,0.0,0.0,0.7692307692307692,1.0,FP
0.611111111111111,0.028661577552895286,1.0,0.5111111111111111,0.0,0.0,0.0,0.0,0.0,0.0,0.0,0.0,0.0,0.6666666666666667,1.0,FP
0.413131313131313,0.017157181055708518,1.0,0.0,0.0,0.0,0.0,0.0,0.0,0.0,0.0,0.0,0.0,0.9090909090909091,1.0,FP
0.5222222222222221,0.024469517744177334,0.8833333333333334,0.3666666666666667,1.0,0.0,1.0,0.0,0.0,0.0,0.0,0.0,0.0,0.5,0.5,FP
0.0,0.0,0.8833333333333334,0.0,1.0,0.0,1.0,0.0,0.0,0.0,0.0,0.0,0.0,0.6,0.5,FP
0.0,0.0,0.33333333333333326,0.0,1.0,0.0,1.0,0.0,0.0,0.0,0.0,0.0,0.0,0.4,0.5,FP
0.4222222222222223,0.0,1.0,0.4222222222222223,1.0,0.0,1.0,0.0,0.0,0.0,0.0,0.0,0.0,0.6,1.0,FP
1.0,0.9999999999999978,0.41666666666666674,1.0,1.0,1.0,1.0,1.0,1.0,1.0,1.0,0.0,0.0,1.0,1.0,TP
0.3847222222222222,0.013836085328522001,0.9166666666666666,0.3833333333333333,0.0,0.0,0.0,0.0,0.0,0.0,0.0,0.0,0.0,0.625,0.75,FP
0.5499999999999999,0.0,0.9166666666666666,0.44166666666666665,0.4642857142857142,0.0,0.0,0.0,0.0,0.0,0.0,0.0,0.0,0.625,0.75,FP
0.5223484848484848,0.013113854556734486,0.9166666666666666,0.45833333333333326,0.5396825396825397,0.0,0.0,0.0,0.0,0.0,0.0,0.0,0.0,0.6875,0.75,FP
0.5097222222222223,0.0,0.7242063492063493,0.5472222222222222,0.0,0.0,0.0,0.0,0.0,0.0,0.0,0.0,0.0,0.75,0.6666666666666667,FP
0.39583333333333326,0.0,0.9166666666666666,0.45833333333333326,0.0,0.0,0.0,0.0,0.0,0.0,0.0,0.0,0.0,0.5625,0.75,FP
0.4097222222222223,0.0,0.9166666666666666,0.0,0.0,0.0,0.0,0.0,0.0,0.0,0.0,0.0,0.0,0.375,0.75,FP
0.4323717948717949,0.01195459756453971,0.9166666666666666,0.5138888888888888,0.0,0.0,0.0,0.0,0.0,0.0,0.0,0.0,0.0,0.8125,0.75,FP
0.5944444444444444,0.010799696025003238,0.9166666666666666,0.5277777777777778,0.6071428571428571,0.0,0.0,0.0,0.0,0.0,0.0,0.0,0.0,0.9375,0.75,FP
0.37563131313131315,0.0,0.9166666666666666,0.48611111111111116,0.4285714285714286,0.0,0.0,0.0,0.0,0.0,0.0,0.0,0.0,0.6875,0.75,FP
0.3912037037037037,0.013836085328522001,0.6616300366300366,0.412037037037037,0.0,0.0,0.0,0.0,0.0,0.0,0.0,0.0,0.0,0.5625,0.6153846153846154,FP
0.0,0.0,0.7242063492063493,0.0,0.0,0.0,0.0,0.0,0.0,0.0,0.0,0.0,0.0,0.25,0.6666666666666667,FP
0.48611111111111116,0.0,0.9166666666666666,0.5277777777777778,0.0,0.0,0.0,0.0,0.0,0.0,0.0,0.0,0.0,0.375,0.75,FP
0.33838383838383845,0.0,1.0,0.0,0.0,0.0,0.0,0.0,0.0,0.0,0.0,0.0,0.0,0.5454545454545454,1.0,FP
0.5166666666666667,0.0,1.0,0.46666666666666656,0.5,0.0,0.0,0.0,0.0,0.0,0.0,0.0,0.0,1.0,1.0,FP
0.40833333333333344,0.0,0.8833333333333334,0.44166666666666665,0.0,0.0,0.0,0.0,0.0,0.0,0.0,0.0,0.0,0.8,0.5,FP
0.5242424242424243,0.0,1.0,0.4833333333333334,0.0,0.0,0.0,0.0,0.0,0.0,0.0,0.0,0.0,0.9090909090909091,1.0,FP
0.4555555555555555,0.0,0.8755555555555556,0.0,0.0,0.0,0.0,0.0,0.0,0.0,0.0,0.0,0.0,0.8333333333333334,0.8333333333333334,FP
0.5888888888888889,0.035086431419227106,0.41666666666666674,0.46666666666666656,0.611111111111111,0.0,0.0,0.0,0.0,0.0,0.0,0.0,0.0,0.8333333333333334,0.5,FP
0.5314814814814816,0.0,0.8833333333333334,0.5111111111111111,0.0,0.0,0.0,0.0,0.0,0.0,0.0,0.0,0.0,0.9,0.5,FP
0.4740740740740741,0.0,1.0,0.4370370370370371,0.0,0.0,0.0,0.0,0.0,0.0,0.0,0.0,0.0,0.9,1.0,FP
0.5222222222222223,0.023501158932436404,1.0,0.5777777777777778,0.0,0.0,0.0,0.0,0.0,0.0,0.0,0.0,0.0,0.6,1.0,FP
0.6761904761904761,0.03138348257716295,0.8833333333333334,0.4111111111111112,0.5952380952380952,0.0,0.0,0.0,0.0,0.0,0.0,0.0,0.0,0.7142857142857143,0.5,FP
0.6282051282051282,0.016501879116175854,1.0,0.4111111111111112,0.611111111111111,0.0,0.0,0.0,0.0,0.0,0.0,0.0,0.0,0.7692307692307692,1.0,FP
0.47777777777777763,0.13354657018074845,1.0,0.5777777777777778,0.0,0.0,0.0,0.0,0.0,0.0,0.0,0.0,0.0,0.6666666666666667,1.0,FP
0.413131313131313,0.018102093481109714,1.0,0.0,0.0,0.0,0.0,0.0,0.0,0.0,0.0,0.0,0.0,0.9090909090909091,1.0,FP
0.5333333333333333,0.0,0.8833333333333334,0.46666666666666656,0.0,0.0,0.0,0.0,0.0,0.0,0.0,0.0,0.0,0.5,0.5,FP
0.0,0.0,0.8833333333333334,0.0,0.0,0.0,0.0,0.0,0.0,0.0,0.0,0.0,0.0,0.6,0.5,FP
0.0,0.0,0.33333333333333326,0.0,0.0,0.0,0.0,0.0,0.0,0.0,0.0,0.0,0.0,0.4,0.5,FP
0.5111111111111111,0.023501158932436404,1.0,0.4555555555555555,0.0,0.0,0.0,0.0,0.0,0.0,0.0,0.0,0.0,0.6,1.0,FP
0.7777777777777777,0.20199309249791833,0.0,0.7777777777777777,1.0,0.0,1.0,0.0,0.0,0.0,0.0,0.0,0.0,1.0,0.8571428571428572,FP
0.5,0.13627634143908646,0.5,0.0,1.0,0.0,1.0,0.0,0.0,0.0,0.0,0.0,0.0,0.5,0.5,FP
0.7777777777777777,0.20199309249791833,0.39814814814814814,0.7777777777777777,1.0,0.0,1.0,1.0,0.0,0.0,0.0,0.0,0.0,1.0,0.75,FP
0.7523809523809524,0.43675395586311466,0.2908902691511388,0.6,1.0,0.0,1.0,0.0,0.0,1.0,0.0,0.0,0.0,1.0,0.30434782608695654,FP
0.4606060606060607,0.0,1.0,0.0,0.0,0.0,0.0,0.0,0.0,0.0,0.0,0.0,0.0,0.9090909090909091,1.0,FP
0.5980392156862745,0.0537461849204516,1.0,0.5777777777777778,0.5666666666666667,0.0,0.0,0.0,0.0,0.0,0.0,0.0,0.0,0.5882352941176471,1.0,FP
0.5166666666666667,0.0,1.0,0.4833333333333334,0.0,0.0,0.0,0.0,0.0,0.0,0.0,0.0,0.0,0.8333333333333334,1.0,FP
0.8105820105820106,0.09436745737848987,0.3285714285714285,0.6583333333333333,0.7833333333333333,0.0,0.0,0.0,0.0,0.0,0.0,0.0,0.0,0.7142857142857143,0.7,FP
0.7388888888888889,0.2992682228019199,0.40476190476190466,0.565079365079365,1.0,0.0,1.0,0.0,0.0,1.0,0.0,0.0,0.0,0.8333333333333334,0.5,FP
0.784935064935065,0.09739968853177654,0.5634157509157509,0.8933333333333333,0.46666666666666656,0.0,0.0,1.0,0.0,0.0,0.0,0.0,0.0,0.9090909090909091,0.8125,FP
0.9,0.4109954639349512,0.6416666666666667,0.9,1.0,1.0,1.0,0.0,0.0,0.0,1.0,0.0,0.0,0.5,0.8,FP
0.9066666666666667,0.25233420143369606,0.39267676767676774,0.9066666666666667,1.0,0.0,1.0,0.0,0.0,0.0,1.0,0.0,0.0,1.0,0.36363636363636365,FP
0.9111111111111111,0.4715197936035769,0.3912037037037037,0.6888888888888888,1.0,0.0,1.0,1.0,0.0,1.0,0.0,0.0,0.0,0.8333333333333334,0.5625,FP
0.3555555555555556,0.367719980469747,1.0,0.3555555555555556,1.0,0.0,1.0,1.0,0.0,0.0,0.0,0.0,0.0,0.41666666666666663,1.0,TP
0.8833333333333334,0.3187840217537793,0.0,0.8833333333333334,1.0,1.0,1.0,0.0,0.0,0.0,1.0,0.0,0.0,0.5,0.7142857142857143,FP
0.8500000000000001,0.13627634143908646,0.0,0.8500000000000001,1.0,0.5,1.0,1.0,0.0,0.0,1.0,0.0,0.0,0.5,0.5714285714285714,FP
0.5,0.19085289131633018,0.0,0.5,1.0,0.0,1.0,1.0,0.0,0.0,1.0,0.0,0.0,0.5,0.5714285714285714,FP
0.7777777777777777,0.20199309249791833,0.3941798941798942,0.7777777777777777,1.0,0.0,1.0,0.0,0.0,0.0,0.0,0.0,0.0,1.0,0.6428571428571428,FP
0.8560846560846561,0.15073443069794507,0.37278582930756854,0.6888888888888888,0.6583333333333333,0.0,0.0,1.0,0.0,0.0,0.0,0.0,0.0,0.6428571428571428,0.3913043478260869,FP
0.40833333333333344,0.0,0.8833333333333334,0.0,0.0,0.0,0.0,0.0,0.0,0.0,0.0,0.0,0.0,0.8,0.5,FP
0.4606060606060607,0.0,1.0,0.0,0.0,0.0,0.0,0.0,0.0,0.0,0.0,0.0,0.0,0.9090909090909091,1.0,FP
0.5777777777777778,0.0,0.8755555555555556,0.6,0.4722222222222221,0.0,0.0,0.0,0.0,0.0,0.0,0.0,0.0,0.8333333333333334,0.8333333333333334,FP
0.49444444444444446,0.0,0.41666666666666674,0.0,0.4444444444444444,0.0,0.0,0.0,0.0,0.0,0.0,0.0,0.0,0.8333333333333334,0.5,FP
0.4740740740740741,0.0,0.8833333333333334,0.0,0.4833333333333334,0.0,0.0,0.0,0.0,0.0,0.0,0.0,0.0,0.9,0.5,FP
0.4037037037037037,0.0,1.0,0.4370370370370371,0.0,0.0,0.0,0.0,0.0,0.0,0.0,0.0,0.0,0.9,1.0,FP
0.48888888888888893,0.0,1.0,0.0,0.0,0.0,0.0,0.0,0.0,0.0,0.0,0.0,0.0,0.6,1.0,FP
0.5619047619047619,0.015449868265986356,0.8833333333333334,0.4555555555555555,0.4642857142857142,0.0,0.0,0.0,0.0,0.0,0.0,0.0,0.0,0.7142857142857143,0.5,FP
0.5692307692307693,0.016501879116175854,1.0,0.4555555555555555,0.4722222222222221,0.0,0.0,0.0,0.0,0.0,0.0,0.0,0.0,0.7692307692307692,1.0,FP
0.4722222222222223,0.0,1.0,0.0,0.45833333333333326,0.0,0.0,0.0,0.0,0.0,0.0,0.0,0.0,0.6666666666666667,1.0,FP
0.413131313131313,0.0,1.0,0.0,0.4642857142857142,0.0,0.0,0.0,0.0,0.0,0.0,0.0,0.0,0.9090909090909091,1.0,FP
0.43333333333333335,0.025817148878043306,0.8833333333333334,0.46666666666666656,0.0,0.0,0.0,0.0,0.0,0.0,0.0,0.0,0.0,0.5,0.5,FP
0.0,0.0,0.8833333333333334,0.0,0.0,0.0,0.0,0.0,0.0,0.0,0.0,0.0,0.0,0.6,0.5,FP
0.44999999999999996,0.028988048461622205,0.33333333333333326,0.0,0.0,0.0,0.0,0.0,0.0,0.0,0.0,0.0,0.0,0.4,0.5,FP
0.4222222222222223,0.0,1.0,0.4555555555555555,0.0,0.0,0.0,0.0,0.0,0.0,0.0,0.0,0.0,0.6,1.0,FP
0.7903703703703704,0.11212325316641665,0.8017857142857143,0.8962962962962963,0.0,0.0,0.0,1.0,0.0,0.0,0.0,0.0,0.0,0.6,0.875,FP
0.7464285714285714,0.47950121908547594,0.44565217391304346,0.0,1.0,0.0,1.0,0.0,0.0,1.0,0.0,0.0,0.0,0.875,0.34782608695652173,FP
1.0,0.9999999999999997,0.6761904761904761,1.0,1.0,1.0,1.0,0.0,1.0,1.0,1.0,0.0,0.0,1.0,0.7142857142857143,TP
0.5777777777777778,0.047984272242473765,0.6333333333333333,0.6333333333333333,0.0,0.0,0.0,0.0,0.0,0.0,0.0,0.0,0.0,0.6,0.8,FP
0.768888888888889,0.15064018498706505,0.3925925925925926,0.768888888888889,1.0,0.0,1.0,0.0,0.0,0.0,1.0,0.0,0.0,0.6,0.6,FP
0.7999999999999999,0.1263637396650437,0.6116959064327485,0.7999999999999999,1.0,0.0,1.0,1.0,0.0,0.0,1.0,0.0,0.0,1.0,0.7894736842105263,FP
0.8651851851851852,0.25603194262569606,0.40740740740740744,0.9533333333333333,0.6944444444444443,0.5,0.0,0.0,0.0,0.0,1.0,0.0,0.0,0.6,0.4444444444444444,FP
0.8444444444444443,0.27349391672180806,0.537878787878788,0.9222222222222222,0.0,0.5,0.0,0.0,0.0,0.0,0.0,0.0,0.0,1.0,0.7272727272727273,FP
0.8222222222222222,0.16297624235137834,0.5833333333333334,0.8222222222222222,1.0,0.0,1.0,1.0,0.0,0.0,1.0,0.0,0.0,1.0,1.0,FP
0.888095238095238,0.42912423963330754,0.0,1.0,0.0,1.0,0.0,0.0,1.0,0.0,0.0,0.0,0.0,0.7777777777777778,0.21052631578947367,FP
0.8678571428571429,0.43124817774809776,0.45833333333333326,1.0,0.0,1.0,0.0,0.0,1.0,0.0,0.0,0.0,0.0,0.875,0.5,FP
0.376984126984127,0.0,1.0,0.4722222222222221,0.0,0.0,0.0,0.0,0.0,0.0,0.0,0.0,0.0,0.8571428571428572,1.0,FP
0.513919413919414,0.013348931663805337,1.0,0.5277777777777778,0.0,0.0,0.0,0.0,0.0,0.0,0.0,0.0,0.0,0.9285714285714286,1.0,FP
0.5714285714285715,0.0,1.0,0.625,0.0,0.0,0.0,0.0,0.0,0.0,0.0,0.0,0.0,0.4285714285714286,1.0,FP
0.4550264550264551,0.0,1.0,0.4907407407407407,0.0,0.0,0.0,0.0,0.0,0.0,0.0,0.0,0.0,0.6428571428571428,1.0,FP
0.6908068783068783,0.09979373399005056,0.8833333333333334,0.8833333333333334,0.4642857142857142,0.0,0.0,0.0,0.0,0.0,0.0,0.0,0.0,0.5625,0.5,FP
0.6833333333333332,0.0933588819908462,0.8507936507936509,0.8333333333333333,0.6428571428571429,0.0,0.0,0.0,0.0,0.0,0.0,0.0,0.0,0.625,0.875,FP
0.8777777777777778,0.47433070649719394,0.5606060606060607,1.0,0.0,1.0,0.0,0.0,1.0,0.0,0.0,0.0,0.0,0.6666666666666667,0.36363636363636365,FP
0.882828282828283,0.39218117597125324,0.0,1.0,0.611111111111111,1.0,0.0,0.0,1.0,0.0,1.0,0.0,0.0,0.8181818181818181,0.4444444444444444,FP
0.76,0.08625321662754085,0.819047619047619,0.9333333333333333,0.4722222222222221,1.0,0.0,0.0,0.0,0.0,0.0,0.0,0.0,0.9,0.5714285714285714,FP
0.6944444444444443,0.10617095901659115,0.8,0.8,0.5740740740740741,0.0,0.0,0.0,0.0,0.0,0.0,0.0,0.0,0.5,0.5,FP
0.6486772486772486,0.14889568582346638,0.8694444444444446,0.8541666666666666,0.5185185185185185,0.0,0.0,0.0,0.0,0.0,0.0,0.0,0.0,0.5555555555555556,0.875,FP
0.8672727272727273,0.37997471601892313,0.57003367003367,1.0,0.4833333333333334,1.0,0.0,1.0,1.0,0.0,0.0,0.0,0.0,0.9090909090909091,0.8181818181818181,FP
1.0,1.0000000000000004,0.462962962962963,1.0,1.0,1.0,1.0,0.0,1.0,1.0,1.0,0.0,0.0,1.0,0.16666666666666663,TP
0.8833333333333333,0.3720945618117257,0.4537037037037037,1.0,0.5026455026455027,1.0,0.0,0.0,1.0,0.0,0.0,0.0,0.0,0.8888888888888888,0.4444444444444444,FP
0.8678571428571429,0.4305915539267569,0.4266381766381766,1.0,0.4476190476190476,1.0,0.0,0.0,1.0,0.0,0.0,0.0,0.0,0.875,0.7222222222222222,FP
0.8833333333333333,0.3720945618117257,0.48611111111111116,1.0,0.5026455026455027,1.0,0.0,0.0,1.0,0.0,0.0,0.0,0.0,0.8888888888888888,0.375,FP
0.8678571428571429,0.4305915539267569,0.47008547008546997,1.0,0.4476190476190476,1.0,0.0,0.0,1.0,0.0,0.0,0.0,0.0,0.875,0.23076923076923073,FP
0.888095238095238,0.43341255621798097,0.7051282051282052,1.0,0.5407407407407407,1.0,0.0,0.0,1.0,0.0,0.0,0.0,0.0,0.7777777777777778,0.6153846153846154,FP
0.7224202812438106,0.22027580682617565,0.9166666666666666,0.9166666666666666,0.32407407407407407,0.0,0.0,0.0,0.0,0.0,0.0,0.0,0.0,0.9444444444444444,1.0,FP
0.8933333333333334,0.38087260847594384,0.3935185185185186,0.8933333333333334,1.0,0.0,1.0,1.0,0.0,0.0,1.0,0.0,0.0,0.8333333333333334,0.4444444444444444,FP
0.7777777777777777,0.09193998174078086,0.4305555555555556,0.6666666666666666,1.0,0.0,1.0,0.0,0.0,0.0,0.0,0.0,0.0,1.0,0.75,FP
1.0,1.0000000000000002,0.40476190476190466,1.0,1.0,1.0,1.0,1.0,1.0,1.0,1.0,0.0,0.0,1.0,0.6428571428571428,TP
0.7241830065359477,0.4946159842827149,0.40740740740740744,0.5619047619047619,1.0,0.0,1.0,1.0,0.0,1.0,0.0,0.0,0.0,0.8823529411764706,1.0,FP
0.7241830065359477,0.4946159842827149,0.5708994708994709,0.5619047619047619,1.0,0.0,1.0,1.0,0.0,1.0,0.0,0.0,0.0,0.8823529411764706,0.6428571428571428,FP
0.8761904761904762,0.32292696336583937,0.48611111111111116,1.0,0.42261904761904767,1.0,0.0,0.0,1.0,0.0,0.0,0.0,0.0,0.9333333333333333,0.375,FP
0.7833333333333333,0.29121941856368966,0.3908730158730158,0.7833333333333333,1.0,0.0,1.0,0.0,0.0,0.0,0.0,0.0,0.0,0.8,0.38095238095238093,FP
0.8222222222222223,0.22576484600261607,0.0,0.7000000000000001,1.0,0.0,1.0,0.0,0.0,0.0,0.0,0.0,0.0,0.8333333333333334,0.16666666666666663,FP
0.42380952380952386,0.0,0.8500000000000001,0.0,1.0,0.0,1.0,0.0,0.0,0.0,0.0,0.0,0.0,0.3571428571428571,0.5,FP
0.9111111111111111,0.6764792400877007,0.8590909090909091,1.0,0.0,1.0,0.0,0.0,1.0,0.0,0.0,0.0,0.0,0.5555555555555556,0.7272727272727273,FP
0.869023569023569,0.36091094553587033,0.396011396011396,0.0,1.0,0.0,1.0,0.0,0.0,1.0,0.0,0.0,0.0,0.9090909090909091,0.6923076923076923,FP
0.5427350427350427,0.01425788575370384,1.0,0.4722222222222221,0.0,0.0,0.0,0.0,0.0,0.0,0.0,0.0,0.0,0.9230769230769231,1.0,FP
0.33333333333333326,0.020305374726073345,1.0,0.33333333333333326,1.0,0.0,1.0,0.0,0.0,0.0,0.0,0.0,0.0,0.5,1.0,FP
0.2962962962962963,0.0,1.0,0.39814814814814814,1.0,0.0,1.0,0.0,0.0,0.0,0.0,0.0,0.0,0.75,1.0,FP
0.8266666666666667,0.1350734836708713,0.5595776772247361,0.8555555555555556,0.0,1.0,0.0,0.0,0.0,0.0,0.0,0.0,0.0,0.8,0.7647058823529411,FP
0.8751131221719457,0.36535147545619534,0.30634920634920637,1.0,0.5462962962962963,1.0,0.0,1.0,1.0,0.0,0.0,0.0,0.0,1.0,0.4666666666666667,FP
0.4772727272727273,0.05992996822422365,0.8833333333333334,0.5833333333333334,0.0,0.5,0.0,0.0,0.0,0.0,0.0,0.0,0.0,0.7272727272727273,0.5,FP
0.2944444444444445,0.0,0.0,0.42261904761904767,0.0,0.0,0.0,0.0,0.0,0.0,0.0,0.0,0.0,0.5333333333333333,0.6,FP
0.4722222222222221,0.0,0.9066666666666667,0.0,0.0,0.0,0.0,0.0,0.0,0.0,0.0,0.0,0.0,0.6666666666666667,0.6,FP
0.412037037037037,0.0,1.0,0.48611111111111116,0.0,0.0,0.0,0.0,0.0,0.0,0.0,0.0,0.0,0.8888888888888888,1.0,FP
0.4907407407407407,0.0,0.8833333333333334,0.412037037037037,1.0,0.0,1.0,0.0,0.0,0.0,0.0,0.0,0.0,0.8888888888888888,0.5,FP
0.4305555555555556,0.0,0.8833333333333334,0.4305555555555556,1.0,0.0,1.0,0.0,0.0,0.0,0.0,0.0,0.0,0.75,0.5,FP
0.0,0.0,1.0,0.0,0.0,0.0,0.0,0.0,0.0,0.0,0.0,0.0,0.0,0.5714285714285714,1.0,FP
0.0,0.0,0.8833333333333334,0.0,0.0,0.0,0.0,0.0,0.0,0.0,0.0,0.0,0.0,0.6153846153846154,0.5,FP
0.0,0.0,0.8833333333333334,0.0,0.0,0.0,0.0,0.0,0.0,0.0,0.0,0.0,0.0,0.5333333333333333,0.5,FP
0.4053030303030303,0.0,0.8833333333333334,0.0,0.0,0.0,0.0,0.0,0.0,0.0,0.0,0.0,0.0,0.7272727272727273,0.5,FP
0.5499999999999999,0.0,1.0,0.5499999999999999,1.0,0.0,1.0,0.0,0.0,0.0,0.0,0.0,0.0,0.625,1.0,FP
0.0,0.0,1.0,0.0,1.0,0.0,1.0,0.0,0.0,0.0,0.0,0.0,0.0,0.75,1.0,FP
0.0,0.0,0.8833333333333334,0.0,1.0,0.0,1.0,0.0,0.0,0.0,0.0,0.0,0.0,0.75,0.5,FP
1.0,0.9999999999999999,0.4185185185185185,1.0,1.0,1.0,1.0,0.0,1.0,0.0,1.0,0.0,0.0,1.0,0.2777777777777778,FP
1.0,0.9999999999999999,0.4185185185185185,1.0,1.0,1.0,1.0,0.0,1.0,0.0,1.0,0.0,0.0,1.0,0.2777777777777778,FP
0.9428571428571428,0.8466473536503034,0.36868686868686873,1.0,0.0,1.0,0.0,0.0,1.0,0.0,0.0,0.0,0.0,0.7142857142857143,0.6111111111111112,FP
0.9,0.6225407468137512,0.4370370370370371,1.0,0.0,1.0,0.0,0.0,1.0,0.0,0.0,0.0,0.0,0.5,0.5555555555555556,FP
1.0,0.9999999999999999,1.0,1.0,1.0,1.0,1.0,0.0,1.0,0.0,1.0,0.0,0.0,1.0,1.0,FP
0.9428571428571428,0.8466473536503034,0.3606060606060606,1.0,0.0,1.0,0.0,0.0,1.0,0.0,0.0,0.0,0.0,0.7142857142857143,0.4545454545454546,FP
0.9,0.6225407468137512,0.9,1.0,0.0,1.0,0.0,0.0,1.0,0.0,0.0,0.0,0.0,0.5,0.5,FP
0.9428571428571428,0.8466473536503034,0.3606060606060606,1.0,0.0,1.0,0.0,0.0,1.0,0.0,0.0,0.0,0.0,0.7142857142857143,0.4545454545454546,FP
0.9,0.6225407468137512,0.9,1.0,0.0,1.0,0.0,0.0,1.0,0.0,0.0,0.0,0.0,0.5,0.5,FP
0.8914285714285715,0.5270724758293459,0.29393939393939394,1.0,0.0,1.0,0.0,0.0,1.0,0.0,0.0,0.0,0.0,0.7,0.9090909090909091,FP
0.3964646464646464,0.0,0.8755555555555556,0.0,0.4444444444444444,0.0,0.0,0.0,0.0,0.0,0.0,0.0,0.0,0.9166666666666666,0.8333333333333334,FP
0.4904040404040404,0.016346301444022597,0.41666666666666674,0.4833333333333334,0.4444444444444444,0.0,0.0,0.0,0.0,0.0,0.0,0.0,0.0,0.9166666666666666,0.5,FP
0.4242424242424241,0.01922256238899298,0.8833333333333334,0.0,0.4555555555555555,0.0,0.0,0.0,0.0,0.0,0.0,0.0,0.0,0.8181818181818181,0.5,FP
0.6033670033670034,0.018102093481109714,1.0,0.0,0.0,0.0,0.0,0.0,0.0,0.0,0.0,0.0,0.0,0.8181818181818181,1.0,FP
0.0,0.0,1.0,0.0,0.0,0.0,0.0,0.0,0.0,0.0,0.0,0.0,0.0,0.5454545454545454,1.0,FP
0.5692640692640693,0.02983744097019378,0.8833333333333334,0.4722222222222221,0.5396825396825397,0.0,0.0,0.0,0.0,0.0,0.0,0.0,0.0,0.7857142857142857,0.5,FP
0.5578865578865578,0.01564049639071292,1.0,0.4722222222222221,0.0,0.0,0.0,0.0,0.0,0.0,0.0,0.0,0.0,0.8461538461538461,1.0,FP
0.5292929292929293,0.014129510072417356,1.0,0.4722222222222221,0.5277777777777778,0.0,0.0,0.0,0.0,0.0,0.0,0.0,0.0,0.7333333333333334,1.0,FP
0.4545454545454546,0.05325383733705388,1.0,0.0,0.4365079365079365,0.0,0.0,0.0,0.0,0.0,0.0,0.0,0.0,1.0,1.0,FP
0.0,0.0,0.8833333333333334,0.0,0.0,0.0,0.0,0.0,0.0,0.0,0.0,0.0,0.0,0.4545454545454546,0.5,FP
0.4191919191919191,0.0,0.8833333333333334,0.0,0.0,0.0,0.0,0.0,0.0,0.0,0.0,0.0,0.0,0.5454545454545454,0.5,FP
0.446969696969697,0.0,0.33333333333333326,0.5,0.0,0.0,0.0,0.0,0.0,0.0,0.0,0.0,0.0,0.36363636363636365,0.5,FP
0.5050505050505051,0.0,1.0,0.4722222222222221,0.0,0.0,0.0,0.0,0.0,0.0,0.0,0.0,0.0,0.5454545454545454,1.0,FP
0.8222222222222222,0.09193998174078086,0.0,0.8222222222222222,1.0,0.0,1.0,0.0,0.0,0.0,1.0,0.0,0.0,1.0,0.8571428571428572,FP
0.8916666666666667,0.27982806524328785,0.3476190476190477,0.7222222222222222,1.0,0.0,1.0,0.0,0.0,0.0,1.0,0.0,0.0,0.75,0.3571428571428571,FP
1.0,0.9999999999999999,0.6166666666666667,1.0,1.0,1.0,1.0,0.0,1.0,1.0,1.0,0.0,0.0,1.0,1.0,TP
0.8152188552188553,0.1491212005914542,0.638095238095238,0.8933333333333333,0.5407407407407407,0.0,0.0,1.0,0.0,0.0,1.0,0.0,0.0,0.7333333333333334,0.7142857142857143,FP
0.9333333333333333,0.45017550232699,0.0,0.9333333333333333,1.0,0.0,1.0,0.0,0.0,0.0,1.0,0.0,0.0,0.6666666666666667,0.6666666666666667,FP
0.8049999999999999,0.08150598686233711,0.5606060606060607,0.8049999999999999,1.0,1.0,1.0,0.0,0.0,0.0,1.0,0.0,0.0,0.8,0.36363636363636365,FP
0.7833333333333333,0.29121941856368966,0.4351851851851851,0.7833333333333333,1.0,0.0,1.0,0.0,0.0,0.0,0.0,0.0,0.0,0.8,0.2222222222222222,FP
0.8727272727272728,0.31017057717950425,1.0,0.6742424242424242,1.0,0.0,1.0,0.0,0.0,0.0,1.0,0.0,0.0,0.36363636363636365,1.0,FP
0.8967032967032967,0.3571276526150602,0.40873015873015883,1.0,0.5396825396825397,1.0,0.0,0.0,1.0,0.0,0.0,0.0,0.0,0.9285714285714286,0.5833333333333333,FP
0.9,0.37480777005897264,0.37858220211161386,0.9,1.0,0.0,1.0,0.0,0.0,0.0,1.0,0.0,0.0,0.5,0.7647058823529411,FP
0.8666666666666666,0.3779132184330246,0.5472136222910217,1.0,0.5238095238095238,1.0,0.0,1.0,1.0,0.0,1.0,0.0,0.0,1.0,0.8947368421052632,FP
0.413888888888889,0.4600207695477766,1.0,0.0,0.0,0.0,0.0,1.0,0.0,0.0,0.0,0.0,0.0,0.5333333333333333,1.0,TP
0.9230769230769231,0.7092972666062743,1.0,1.0,0.0,1.0,0.0,1.0,1.0,0.0,0.0,0.0,0.0,0.6153846153846154,1.0,TP
0.8590909090909091,0.36847993185778133,0.6634615384615384,0.6931818181818182,1.0,0.0,1.0,0.0,0.0,0.0,1.0,0.0,0.0,0.7272727272727273,0.8125,FP
0.7146464646464646,0.2800226668400592,0.5333333333333333,0.6,0.9666666666666667,0.0,1.0,0.0,0.0,0.0,0.0,0.0,0.0,0.9166666666666666,0.5,FP
1.0,1.0000000000000002,0.0,1.0,1.0,1.0,1.0,0.0,1.0,0.0,1.0,0.0,0.0,1.0,0.1875,FP
0.611111111111111,0.15976420924144447,0.5871031746031746,0.611111111111111,1.0,1.0,1.0,1.0,0.0,0.0,1.0,0.0,0.0,0.6666666666666667,0.9375,FP
0.611111111111111,0.15976420924144447,0.0,0.611111111111111,1.0,1.0,1.0,0.0,0.0,0.0,1.0,0.0,0.0,0.6666666666666667,0.19999999999999996,FP
0.6333333333333333,0.12735952979479354,0.662962962962963,0.6333333333333333,1.0,0.0,1.0,1.0,0.0,0.0,1.0,0.0,0.0,0.8,0.8333333333333334,FP
0.9166666666666667,0.6853880419233513,0.6011904761904762,1.0,0.0,1.0,0.0,1.0,1.0,0.0,0.0,0.0,0.0,0.5833333333333333,0.875,FP
0.8716666666666667,0.4588561814070865,0.3988095238095237,1.0,0.45833333333333326,1.0,0.0,0.0,1.0,0.0,0.0,0.0,0.0,0.75,0.5714285714285714,FP
0.8839574898785426,0.3240129511419208,0.6416666666666667,1.0,0.537878787878788,1.0,0.0,0.0,1.0,0.0,0.0,0.0,0.0,0.8421052631578947,0.8,FP
0.8222222222222222,0.09193998174078093,0.4476190476190476,0.8952380952380953,0.6428571428571429,0.5,0.0,0.0,0.0,0.0,0.0,0.0,0.0,1.0,0.7142857142857143,FP
0.5222222222222223,0.0162073319199589,0.0,0.4920634920634921,0.6761904761904761,0.0,0.0,0.0,0.0,0.0,0.0,0.0,0.0,0.6,0.6,FP
0.5765873015873016,0.09380729414120906,0.0,0.4365079365079365,0.5238095238095238,0.0,0.0,0.0,0.0,0.0,0.0,0.0,0.0,0.9333333333333333,0.6,FP
0.4222222222222223,0.0,0.0,0.4476190476190476,0.0,0.0,0.0,0.0,0.0,0.0,0.0,0.0,0.0,0.33333333333333337,0.6,FP
0.0,0.0,0.0,0.0,0.0,0.0,0.0,0.0,0.0,0.0,0.0,0.0,0.0,0.4,0.6,FP
0.7970370370370371,0.0887030771527601,0.0,0.8952380952380953,0.4722222222222221,0.5,0.0,0.0,0.0,0.0,0.0,0.0,0.0,0.8,0.5,FP
0.5050505050505051,0.045573612711752684,0.7777777777777777,0.5,0.0,0.0,0.0,0.0,0.0,0.0,0.0,0.0,0.0,0.5454545454545454,1.0,FP
0.0,0.1362763414390864,0.413888888888889,0.0,1.0,0.0,1.0,0.0,0.0,0.0,0.0,0.0,0.0,0.5,0.5333333333333333,FP
0.9142857142857143,0.6902729066134068,1.0,1.0,0.0,1.0,0.0,1.0,1.0,0.0,0.0,0.0,0.0,0.5714285714285714,1.0,TP
0.8736111111111112,0.20501277240521432,0.5606060606060606,0.8736111111111112,1.0,0.0,1.0,0.0,0.0,0.0,1.0,0.0,0.0,0.75,0.5,FP
0.7134920634920635,0.35809540082950725,0.392156862745098,0.0,1.0,0.0,1.0,0.0,0.0,1.0,0.0,0.0,0.0,0.8333333333333334,0.5294117647058824,FP
0.7222222222222222,0.14438355527738678,0.384469696969697,0.6666666666666666,1.0,0.0,1.0,0.0,0.0,0.0,0.0,0.0,0.0,1.0,0.6875,FP
0.8722222222222222,0.36847993185778133,0.0,1.0,0.5,1.0,0.0,0.0,1.0,0.0,0.0,0.0,0.0,0.75,0.2941176470588235,FP
0.5907407407407408,0.018314069095427783,0.9066666666666667,0.5111111111111111,0.4555555555555555,0.0,0.0,0.0,0.0,0.0,0.0,0.0,0.0,0.75,0.6,FP
0.5907407407407408,0.07267370381878385,0.8755555555555556,0.5333333333333333,0.0,0.0,0.0,0.0,0.0,0.0,0.0,0.0,0.0,0.75,0.8333333333333334,FP
0.5,0.0,0.8755555555555556,0.0,0.0,0.0,0.0,0.0,0.0,0.0,0.0,0.0,0.0,0.5,0.8333333333333334,FP
0.4563492063492063,0.0,0.9066666666666667,0.4555555555555555,0.0,0.0,0.0,0.0,0.0,0.0,0.0,0.0,0.0,0.8571428571428572,0.6,FP
0.38247863247863245,0.0,0.8755555555555556,0.4555555555555555,0.0,0.0,0.0,0.0,0.0,0.0,0.0,0.0,0.0,0.9230769230769231,0.8333333333333334,FP
0.44999999999999996,0.0,0.8755555555555556,0.0,0.4305555555555556,0.0,0.0,0.0,0.0,0.0,0.0,0.0,0.0,0.8,0.8333333333333334,FP
0.5570707070707072,0.0163463014440226,0.8755555555555556,0.0,0.5396825396825397,0.0,0.0,0.0,0.0,0.0,0.0,0.0,0.0,0.9166666666666666,0.8333333333333334,FP
0.0,0.023313043788338393,0.9066666666666667,0.0,0.0,0.0,0.0,0.0,0.0,0.0,0.0,0.0,0.0,0.41666666666666663,0.6,FP
0.5,0.0,0.9066666666666667,0.4555555555555555,0.0,0.0,0.0,0.0,0.0,0.0,0.0,0.0,0.0,0.5,0.6,FP
0.5,0.0,0.8755555555555556,0.5777777777777778,0.0,0.0,0.0,0.0,0.0,0.0,0.0,0.0,0.0,0.5,0.8333333333333334,FP
0.8555555555555555,0.45734642066884856,0.85,1.0,0.0,1.0,0.0,0.0,1.0,0.0,0.0,0.0,0.0,0.2777777777777778,0.55,FP
0.8683728036669213,0.2773326365639757,0.876461038961039,0.7619047619047619,0.0,0.5,0.0,1.0,0.0,0.0,0.0,0.0,0.0,0.8235294117647058,0.875,FP
0.5654761904761905,0.11551555709717365,0.8222222222222223,0.8222222222222223,0.4907407407407407,0.0,0.0,0.0,0.0,0.0,0.0,0.0,0.0,0.875,0.8333333333333334,FP
0.8685314685314686,0.3835524848814854,0.0,1.0,0.5619047619047619,1.0,0.0,1.0,1.0,0.0,0.0,0.0,0.0,0.8461538461538461,0.8333333333333334,FP
0.8141025641025642,0.5044783575675422,0.5972222222222222,0.0,1.0,0.0,1.0,1.0,0.0,1.0,0.0,0.0,0.0,0.9230769230769231,0.75,FP
0.8830769230769232,0.3797323990731799,0.723622782446312,1.0,0.5952380952380952,1.0,0.0,1.0,1.0,0.0,1.0,0.0,0.0,0.7692307692307692,0.8095238095238095,FP
0.5925925925925926,0.07267370381878385,0.41666666666666674,0.5407407407407407,0.0,0.0,0.0,0.0,0.0,0.0,0.0,0.0,0.0,0.75,0.5,FP
0.5833333333333334,0.0,0.41666666666666674,0.0,0.0,0.0,0.0,0.0,0.0,0.0,0.0,0.0,0.0,0.5,0.5,FP
0.5337606837606838,0.014901298057449624,0.41666666666666674,0.5777777777777778,0.4444444444444444,0.0,0.0,0.0,0.0,0.0,0.0,0.0,0.0,0.9230769230769231,0.5,FP
0.6083333333333333,0.04148648098471101,0.41666666666666674,0.4111111111111112,0.4305555555555556,0.0,0.0,0.0,0.0,0.0,0.0,0.0,0.0,0.8,0.5,FP
0.48232323232323226,0.0332229091491693,0.41666666666666674,0.0,0.4365079365079365,0.0,0.0,0.0,0.0,0.0,0.0,0.0,0.0,0.9166666666666666,0.5,FP
0.4444444444444444,0.0,0.7777777777777777,0.0,0.0,0.0,0.0,0.0,0.0,0.0,0.0,0.0,0.0,0.33333333333333337,1.0,FP
0.41666666666666674,0.0,0.41666666666666674,0.4555555555555555,0.0,0.0,0.0,0.0,0.0,0.0,0.0,0.0,0.0,0.5,0.5,FP
1.0,0.9999999999999999,0.49523809523809526,1.0,1.0,1.0,1.0,0.0,1.0,1.0,1.0,0.0,0.0,1.0,0.7,TP
0.4496434937611409,0.0,1.0,0.4444444444444444,0.0,0.0,0.0,0.0,0.0,0.0,0.0,0.0,0.0,0.6470588235294117,1.0,FP
0.5707070707070706,0.0,1.0,0.4722222222222221,0.4285714285714286,0.0,0.0,0.0,0.0,0.0,0.0,0.0,0.0,0.9166666666666666,1.0,FP
0.5555555555555555,0.020281223365433847,0.8833333333333334,0.6296296296296297,0.0,0.0,0.0,0.0,0.0,0.0,0.0,0.0,0.0,1.0,0.5,FP
0.5185185185185185,0.0,0.8833333333333334,0.5,0.0,0.0,0.0,0.0,0.0,0.0,0.0,0.0,0.0,0.6666666666666667,0.5,FP
0.4933862433862435,0.016406171858219753,1.0,0.0,0.4476190476190476,0.0,0.0,0.0,0.0,0.0,0.0,0.0,0.0,0.6428571428571428,1.0,FP
0.5007122507122507,0.01752329923482777,0.8833333333333334,0.0,0.0,0.0,0.0,0.0,0.0,0.0,0.0,0.0,0.0,0.6923076923076923,0.5,FP
0.49629629629629624,0.049081632686833125,0.8833333333333334,0.0,0.6583333333333333,0.0,0.0,0.0,0.0,0.0,0.0,0.0,0.0,0.6,0.5,FP
0.5367003367003367,0.01922256238899298,0.8833333333333334,0.5555555555555555,0.5619047619047619,0.0,0.0,0.0,0.0,0.0,0.0,0.0,0.0,0.8181818181818181,0.5,FP
0.4370370370370371,0.0,1.0,0.5111111111111111,0.0,0.0,0.0,0.0,0.0,0.0,0.0,0.0,0.0,0.5555555555555556,1.0,FP
0.0,0.024955814876540153,1.0,0.0,0.0,0.0,0.0,0.0,0.0,0.0,0.0,0.0,0.0,0.6666666666666667,1.0,FP
0.0,0.0,0.8833333333333334,0.0,0.0,0.0,0.0,0.0,0.0,0.0,0.0,0.0,0.0,0.6666666666666667,0.5,FP
0.4259259259259258,0.0,1.0,0.4259259259259258,1.0,0.0,1.0,0.0,0.0,0.0,0.0,0.0,0.0,0.6666666666666667,1.0,FP
0.4933862433862435,0.06499568628574706,0.8833333333333334,0.5185185185185185,0.0,0.0,0.0,0.0,0.0,0.0,0.0,0.0,0.0,0.6428571428571428,0.5,FP
0.5007122507122507,0.03354960620564175,1.0,0.5185185185185185,0.0,0.0,0.0,0.0,0.0,0.0,0.0,0.0,0.0,0.6923076923076923,1.0,FP
0.5111111111111111,0.014907676927969443,1.0,0.0,0.0,0.0,0.0,0.0,0.0,0.0,0.0,0.0,0.0,0.6,1.0,FP
0.5353535353535354,0.0,1.0,0.4814814814814814,0.0,0.0,0.0,0.0,0.0,0.0,0.0,0.0,0.0,0.8181818181818181,1.0,FP
0.4370370370370371,0.0,0.8833333333333334,0.4370370370370371,1.0,0.0,1.0,0.0,0.0,0.0,0.0,0.0,0.0,0.5555555555555556,0.5,FP
0.611111111111111,0.023501158932436404,0.8833333333333334,0.611111111111111,1.0,0.0,1.0,0.0,0.0,0.0,0.0,0.0,0.0,0.6666666666666667,0.5,FP
0.4537037037037037,0.0,0.33333333333333326,0.0,1.0,0.0,1.0,0.0,0.0,0.0,0.0,0.0,0.0,0.4444444444444444,0.5,FP
0.4259259259259258,0.0,1.0,0.4259259259259258,1.0,0.0,1.0,0.0,0.0,0.0,0.0,0.0,0.0,0.6666666666666667,1.0,FP
1.0,1.0000000000000002,0.4285714285714286,1.0,1.0,1.0,1.0,1.0,1.0,0.0,1.0,0.0,0.0,1.0,0.5714285714285714,TP
0.4920634920634921,0.019010887329904427,0.8833333333333334,0.4444444444444444,0.0,0.0,0.0,0.0,0.0,0.0,0.0,0.0,0.0,0.4285714285714286,0.5,FP
0.4145299145299146,0.020305374726073345,1.0,0.4444444444444444,0.0,0.0,0.0,0.0,0.0,0.0,0.0,0.0,0.0,0.46153846153846156,1.0,FP
0.48888888888888893,0.0777752195572732,1.0,0.5555555555555555,0.0,0.0,0.0,0.0,0.0,0.0,0.0,0.0,0.0,0.4,1.0,FP
0.4797979797979799,0.0,1.0,0.0,0.0,0.0,0.0,0.0,0.0,0.0,0.0,0.0,0.0,0.5454545454545454,1.0,FP
0.4555555555555555,0.0,0.8833333333333334,0.4555555555555555,1.0,0.0,1.0,0.0,0.0,0.0,0.0,0.0,0.0,0.8333333333333334,0.5,FP
0.0,0.0,0.8833333333333334,0.0,1.0,0.0,1.0,0.0,0.0,0.0,0.0,0.0,0.0,1.0,0.5,FP
0.0,0.0,0.33333333333333326,0.0,1.0,0.0,1.0,0.0,0.0,0.0,0.0,0.0,0.0,0.6666666666666667,0.5,FP
0.4444444444444444,0.0,1.0,0.4444444444444444,1.0,0.0,1.0,0.0,0.0,0.0,0.0,0.0,0.0,1.0,1.0,FP
0.8967032967032967,0.48960868587325684,0.8833333333333334,1.0,0.6428571428571429,1.0,0.0,0.0,1.0,0.0,1.0,0.0,0.0,0.9285714285714286,0.5,FP
0.8967032967032967,0.48960868587325684,0.5277777777777778,1.0,0.6428571428571429,1.0,0.0,0.0,1.0,0.0,1.0,0.0,0.0,0.9285714285714286,0.75,FP
0.5765873015873016,0.06372466348172662,0.8833333333333334,0.4444444444444444,0.3452380952380951,0.0,0.0,0.0,0.0,0.0,0.0,0.0,0.0,0.9333333333333333,0.5,FP
0.4705627705627706,0.014643399527407773,0.8833333333333334,0.5,0.5238095238095238,0.0,0.0,0.0,0.0,0.0,0.0,0.0,0.0,0.7857142857142857,0.5,FP
0.0,0.0,1.0,0.0,0.0,0.0,0.0,0.0,0.0,0.0,0.0,0.0,0.0,0.3571428571428571,1.0,FP
0.46031746031746024,0.0,1.0,0.5555555555555555,0.0,0.0,0.0,0.0,0.0,0.0,0.0,0.0,0.0,0.4285714285714286,1.0,FP
0.46031746031746024,0.019010887329904424,0.8833333333333334,0.4444444444444444,0.0,0.0,0.0,0.0,0.0,0.0,0.0,0.0,0.0,0.4285714285714286,0.5,FP
1.0,1.0000000000000002,0.4722222222222221,1.0,1.0,1.0,1.0,1.0,1.0,1.0,1.0,0.0,0.0,1.0,0.6666666666666667,TP
0.4393162393162393,0.05355095314996727,1.0,0.4444444444444444,0.0,0.0,0.0,0.0,0.0,0.0,0.0,0.0,0.0,0.8666666666666667,1.0,FP
0.5578865578865578,0.01564049639071292,1.0,0.5,0.5396825396825397,0.0,0.0,0.0,0.0,0.0,0.0,0.0,0.0,0.8461538461538461,1.0,FP
0.0,0.0,0.8833333333333334,0.0,0.0,0.0,0.0,0.0,0.0,0.0,0.0,0.0,0.0,0.3846153846153846,0.5,FP
0.4658119658119657,0.04148532126934761,0.8833333333333334,0.5555555555555555,0.0,0.0,0.0,0.0,0.0,0.0,0.0,0.0,0.0,0.46153846153846156,0.5,FP
0.0,0.0,0.33333333333333326,0.0,0.0,0.0,0.0,0.0,0.0,0.0,0.0,0.0,0.0,0.3076923076923077,0.5,FP
0.4658119658119657,0.02030537472607335,1.0,0.4444444444444444,0.0,0.0,0.0,0.0,0.0,0.0,0.0,0.0,0.0,0.46153846153846156,1.0,FP
0.49572649572649574,0.02030537472607335,1.0,0.5555555555555555,0.0,0.0,0.0,0.0,0.0,0.0,0.0,0.0,0.0,0.46153846153846156,1.0,FP
0.41025641025641035,0.0,1.0,0.5185185185185185,0.0,0.0,0.0,1.0,0.0,0.0,0.0,0.0,0.0,0.6923076923076923,1.0,FP
0.4920634920634921,0.019010887329904427,1.0,0.4444444444444444,0.0,0.0,0.0,0.0,0.0,0.0,0.0,0.0,0.0,0.4285714285714286,1.0,FP
0.5142857142857143,0.0,0.9066666666666667,0.4555555555555555,0.0,0.0,0.0,0.0,0.0,0.0,0.0,0.0,0.0,0.3571428571428571,0.6,FP
0.6507936507936508,0.08097479192913715,1.0,0.4444444444444444,0.0,0.0,0.0,1.0,0.0,0.0,0.0,0.0,0.0,0.4285714285714286,1.0,TP
0.8914141414141414,0.33347496211803135,0.6666666666666666,1.0,0.4555555555555555,1.0,0.0,0.0,1.0,0.0,0.0,0.0,0.0,0.9166666666666666,1.0,FP
1.0,0.999999999999998,0.31746031746031744,1.0,1.0,1.0,1.0,0.0,1.0,1.0,1.0,0.0,0.0,1.0,0.5833333333333333,TP
0.5228758169934641,0.011918059463042278,1.0,0.4722222222222221,0.41428571428571437,0.0,0.0,0.0,0.0,0.0,0.0,0.0,0.0,0.7058823529411764,1.0,FP
0.6767676767676768,0.24478531173455212,0.48611111111111116,0.8222222222222222,0.0,0.0,0.0,0.0,0.0,0.0,0.0,0.0,0.0,0.5454545454545454,0.375,FP
0.6767676767676768,0.24478531173455212,0.4814814814814814,0.8222222222222222,0.0,0.0,0.0,0.0,0.0,0.0,0.0,0.0,0.0,0.5454545454545454,0.33333333333333337,FP
0.5,0.13627634143908646,0.0,0.0,1.0,0.0,1.0,0.0,0.0,0.0,0.0,0.0,0.0,0.5,0.33333333333333337,FP
0.4555555555555555,0.03176770830987506,0.9066666666666667,0.4555555555555555,1.0,0.0,1.0,0.0,0.0,0.0,0.0,0.0,0.0,0.8333333333333334,0.6,FP
0.4444444444444444,0.02891790900057892,1.0,0.0,1.0,0.0,1.0,0.0,0.0,0.0,1.0,0.0,0.0,1.0,1.0,FP
1.0,0.9999999999999999,0.9305555555555555,1.0,1.0,1.0,1.0,0.0,1.0,1.0,1.0,0.0,0.0,1.0,0.8888888888888888,TP
0.6076203208556149,0.027415158115937675,0.8833333333333334,0.5,0.3285714285714285,0.0,0.0,0.0,0.0,0.0,0.0,0.0,0.0,0.6470588235294117,0.5,FP
0.6242424242424242,0.0502157260766629,0.8500000000000001,0.6888888888888888,0.0,0.0,0.0,0.0,0.0,0.0,0.0,0.0,0.0,0.4545454545454546,0.5,FP
0.8514285714285714,0.2882537840392771,0.3912037037037037,1.0,0.6666666666666666,1.0,0.0,0.0,1.0,0.0,0.0,0.0,0.0,1.0,0.5625,FP
1.0,1.0000000000000002,0.35185185185185186,1.0,1.0,1.0,1.0,0.0,1.0,1.0,1.0,0.0,0.0,1.0,0.6666666666666667,TP
0.8977443609022556,0.45868202276285436,0.5670995670995671,1.0,0.4537037037037037,1.0,0.0,0.0,1.0,0.0,0.0,0.0,0.0,0.736842105263158,0.6363636363636364,FP
0.9005128205128206,0.40750953725732253,0.2828282828282829,1.0,0.7714285714285715,1.0,0.0,0.0,1.0,0.0,1.0,0.0,0.0,0.9230769230769231,0.9166666666666666,FP
0.5950980392156863,0.019284439794910773,0.7999999999999999,0.4555555555555555,0.0,0.0,0.0,0.0,0.0,0.0,0.0,0.0,0.0,0.2941176470588235,1.0,FP
0.4259259259259258,0.0,1.0,0.4259259259259258,1.0,0.0,1.0,0.0,0.0,0.0,0.0,0.0,0.0,0.6666666666666667,1.0,FP
0.5292929292929293,0.014129510072417358,1.0,0.0,0.5119047619047619,0.0,0.0,0.0,0.0,0.0,0.0,0.0,0.0,0.7333333333333334,1.0,FP
0.4222222222222223,0.0,0.8833333333333334,0.0,0.0,0.0,0.0,0.0,0.0,0.0,0.0,0.0,0.0,0.33333333333333337,0.5,FP
0.4111111111111112,0.018343727049905004,0.8833333333333334,0.4444444444444444,0.0,0.0,0.0,0.0,0.0,0.0,0.0,0.0,0.0,0.4,0.5,FP
0.0,0.0,0.33333333333333326,0.0,0.0,0.0,0.0,0.0,0.0,0.0,0.0,0.0,0.0,0.2666666666666667,0.5,FP
0.5666666666666667,0.018343727049905004,1.0,0.5555555555555555,0.0,0.0,0.0,0.0,0.0,0.0,0.0,0.0,0.0,0.4,1.0,FP
0.8439458689458689,0.22866718664882066,0.5833333333333334,0.8944444444444445,0.4444444444444444,1.0,0.0,0.0,0.0,0.0,0.0,0.0,0.0,0.9230769230769231,0.25,FP
0.4423076923076923,0.02504613446013534,0.5555555555555555,0.4722222222222221,0.0,0.0,0.0,0.0,0.0,0.0,0.0,0.0,0.0,0.3076923076923077,1.0,FP
0.5314814814814816,0.04138253834006386,1.0,0.4833333333333334,0.5,0.0,0.0,1.0,0.0,0.0,0.0,0.0,0.0,0.9,1.0,TP
0.7083333333333334,0.3459746368138645,1.0,0.7666666666666666,0.0,0.0,0.0,1.0,0.0,0.0,0.0,0.0,0.0,0.8,1.0,TP
1.0,1.0000000000000002,0.5231481481481481,1.0,1.0,1.0,1.0,1.0,1.0,0.0,1.0,0.0,0.0,1.0,0.8888888888888888,FP
1.0,1.0000000000000002,0.4444444444444444,1.0,1.0,1.0,1.0,0.0,1.0,0.0,1.0,0.0,0.0,1.0,0.5,TP
1.0,1.0000000000000002,0.28240740740740744,1.0,1.0,1.0,1.0,0.0,1.0,0.0,1.0,0.0,0.0,1.0,0.5625,FP
0.9227106227106228,0.4187751646673416,0.38627450980392153,1.0,0.6428571428571429,1.0,0.0,0.0,1.0,0.0,0.0,0.0,0.0,0.9285714285714286,0.5882352941176471,FP
0.8876923076923078,0.35639229999036276,0.4836601307189543,1.0,0.4722222222222221,1.0,0.0,0.0,1.0,0.0,0.0,0.0,0.0,1.0,0.3529411764705882,FP
0.8876923076923078,0.33609692727625745,0.5896358543417367,1.0,0.4444444444444444,1.0,0.0,1.0,1.0,0.0,0.0,0.0,0.0,1.0,0.8235294117647058,FP
0.8767032967032967,0.33817352289271563,0.5111111111111111,1.0,0.4642857142857142,1.0,0.0,0.0,1.0,0.0,0.0,0.0,0.0,0.9285714285714286,0.6,FP
0.89000999000999,0.34256110204561624,0.5047619047619047,1.0,0.6428571428571429,1.0,0.0,0.0,1.0,0.0,0.0,0.0,0.0,0.9285714285714286,0.7142857142857143,FP
0.6316239316239316,0.033810711015142644,0.8833333333333334,0.8500000000000001,0.0,0.0,0.0,0.0,0.0,0.0,0.0,0.0,0.0,0.7692307692307692,0.5,FP
0.5272727272727272,0.024469517744177334,0.8833333333333334,0.0,0.0,0.0,0.0,0.0,0.0,0.0,0.0,0.0,0.0,0.4545454545454546,0.5,FP
0.33838383838383845,0.0,0.8833333333333334,0.5,0.0,0.0,0.0,0.0,0.0,0.0,0.0,0.0,0.0,0.5454545454545454,0.5,FP
0.446969696969697,0.0,0.33333333333333326,0.5277777777777778,0.0,0.0,0.0,0.0,0.0,0.0,0.0,0.0,0.0,0.36363636363636365,0.5,FP
0.4191919191919191,0.0,1.0,0.0,0.0,0.0,0.0,0.0,0.0,0.0,0.0,0.0,0.0,0.5454545454545454,1.0,FP
1.0,0.9999999999999999,0.5396825396825397,1.0,1.0,1.0,1.0,1.0,1.0,1.0,1.0,0.0,0.0,1.0,0.8571428571428572,TP
0.5029761904761905,0.011504654896444332,0.6994708994708995,0.30952380952380953,0.0,0.0,0.0,1.0,0.0,0.0,0.0,0.0,0.0,0.875,0.7142857142857143,FP
0.0,0.0,1.0,0.0,1.0,0.0,1.0,0.0,0.0,0.0,0.0,0.0,0.0,0.8333333333333334,1.0,FP
0.0,0.0,0.8833333333333334,0.0,1.0,0.0,1.0,0.0,0.0,0.0,0.0,0.0,0.0,0.8333333333333334,0.5,FP
0.8166666666666667,0.10778626961492309,0.46486928104575154,0.775,0.0,0.0,0.0,1.0,0.0,0.0,0.0,0.0,0.0,0.6666666666666667,0.9411764705882353,FP
0.7777777777777777,0.2019930924979184,0.5211834733893558,0.7777777777777777,1.0,0.0,1.0,1.0,0.0,0.0,0.0,0.0,0.0,1.0,0.9411764705882353,FP
0.5694444444444444,0.021536574312467575,1.0,0.0,0.0,0.0,0.0,1.0,0.0,0.0,0.0,0.0,0.0,0.8888888888888888,1.0,TP
0.8238095238095238,0.19469558272628415,0.5287581699346405,0.75,0.7833333333333333,1.0,0.0,1.0,0.0,0.0,0.0,0.0,0.0,1.0,0.8823529411764706,FP
1.0,1.0,0.8666666666666666,1.0,1.0,1.0,1.0,0.0,1.0,1.0,1.0,0.0,0.0,1.0,0.33333333333333337,TP
1.0,1.0,0.9833333333333333,1.0,1.0,1.0,1.0,0.0,1.0,1.0,1.0,0.0,0.0,1.0,0.9166666666666666,TP
1.0,1.0,0.8727272727272728,1.0,1.0,1.0,1.0,0.0,1.0,1.0,1.0,0.0,0.0,1.0,0.36363636363636365,TP
1.0,1.0000000000000002,0.4126984126984128,1.0,1.0,1.0,1.0,0.0,1.0,0.0,1.0,0.0,0.0,1.0,0.4285714285714286,TP
1.0,1.0000000000000002,0.4444444444444444,1.0,1.0,1.0,1.0,0.0,1.0,0.0,1.0,0.0,0.0,1.0,0.25,TP
0.0,0.0,0.8833333333333334,0.0,1.0,0.0,1.0,0.0,0.0,0.0,0.0,0.0,0.0,1.0,0.5,FP
0.4555555555555555,0.0,0.9066666666666667,0.4555555555555555,1.0,0.0,1.0,0.0,0.0,0.0,0.0,0.0,0.0,0.8333333333333334,0.6,FP
0.4537037037037037,0.028988048461622205,0.8141025641025642,0.4537037037037037,1.0,0.0,1.0,0.0,0.0,0.0,1.0,0.0,0.0,0.4444444444444444,0.9230769230769231,FP
0.0,0.0,0.33333333333333326,0.0,1.0,0.0,1.0,0.0,0.0,0.0,0.0,0.0,0.0,0.6666666666666667,0.5,FP
1.0,0.9999999999999999,0.9166666666666667,1.0,1.0,1.0,1.0,0.0,1.0,0.0,1.0,0.0,0.0,1.0,0.5833333333333333,TP
0.6964285714285715,0.1904599297479256,1.0,0.6964285714285715,1.0,0.0,1.0,1.0,0.0,0.0,1.0,0.0,0.0,0.5714285714285714,1.0,TP
0.6964285714285715,0.1904599297479256,0.9321884057971015,0.6964285714285715,1.0,0.0,1.0,1.0,0.0,0.0,1.0,0.0,0.0,0.5714285714285714,0.96,TP
1.0,1.000000000000001,0.9321884057971015,1.0,1.0,1.0,1.0,1.0,1.0,0.0,1.0,0.0,0.0,1.0,0.96,TP
